"Time (s)","X (m/s^2)","Y (m/s^2)","Z (m/s^2)"
2.373666735E-3,-4.413721619E0,-2.290536804E0,8.979976044E0
2.239366667E-2,-5.568719788E0,-2.565814362E0,8.541388092E0
4.241466662E-2,-6.137686615E0,-2.733166351E0,1.034304153E1
6.243566656E-2,-6.931785278E0,-3.151546326E0,1.064646057E1
8.245566674E-2,-6.311175842E0,-3.090024261E0,8.401578827E0
1.024766667E-1,-5.283413086E0,-1.630409546E0,6.417454834E0
1.224966666E-1,-5.239703979E0,-2.180964661E-1,5.907465363E0
1.425176666E-1,-1.875150604E0,1.068777466E-1,9.771829376E0
1.625376667E-1,-6.920109558E-1,-6.271957397E-1,1.015173935E1
1.825586667E-1,-2.305355988E0,-6.932084656E-1,7.415878601E0
2.025796666E-1,-1.838626556E0,-1.442849579E0,3.474724274E0
2.225996666E-1,-3.286415863E0,-8.843609619E-1,3.780388641E0
2.426206665E-1,-8.686286774E0,-3.439098358E0,7.348967743E0
2.626406667E-1,-9.261690216E0,-4.452940063E0,7.737409973E0
2.826616666E-1,-8.985664215E0,-4.067341919E0,6.746919708E0
3.026816666E-1,-6.547384644E0,-2.868784332E0,5.678142242E0
3.227026665E-1,-4.889881439E0,-2.117496643E0,4.421355743E0
3.427236667E-1,-4.813839569E0,-1.888173523E0,5.571264496E0
3.627436666E-1,-5.062023468E0,-2.629881134E0,6.848109283E0
3.827646666E-1,-6.243067474E0,-4.521198120E0,6.325246582E0
4.027846665E-1,-6.618187408E0,-5.741161194E0,4.762047272E0
4.228056667E-1,-5.602848816E0,-5.054239655E0,2.435285797E0
4.428256666E-1,-5.238656158E0,-4.080963593E0,3.149151306E0
4.628466666E-1,-4.684508514E0,-3.749852142E0,3.031046906E0
4.828676665E-1,-3.883823547E0,-3.860921173E0,2.151475983E0
5.028876667E-1,-3.833827515E0,-5.182822266E0,1.838027802E0
5.229086666E-1,-4.195176086E0,-5.806575165E0,2.025138702E0
5.429286666E-1,-3.986360321E0,-5.848038940E0,1.758243713E0
5.629496665E-1,-3.546275482E0,-5.556145935E0,1.950893097E0
5.829696667E-1,-2.377056885E0,-4.975503387E0,2.584824829E0
6.029906666E-1,-9.325607300E-1,-4.258494415E0,5.658083954E0
6.230116666E-1,-1.093176727E0,-3.262315979E0,3.738176422E0
6.430316665E-1,-9.267228699E-1,-2.687211914E0,1.977238312E0
6.630526667E-1,-7.141648865E-1,-2.905757446E0,1.571282501E0
6.830726666E-1,-4.155658264E0,-1.487486755E1,1.676513672E0
7.030935416E-1,-8.700207825E0,-2.080807938E1,-4.280498657E0
7.231135417E-1,-1.314281937E1,-3.263348831E1,-7.609126740E0
7.431345417E-1,-5.711672516E0,-2.795017731E1,-6.072871399E0
7.631555416E-1,6.818321228E-1,-1.412402893E1,-2.312391357E0
7.831755416E-1,2.510130157E0,-7.595654755E0,2.837499390E0
8.031965417E-1,5.169200592E0,-4.137994995E0,9.795929260E0
8.232165417E-1,2.492167511E0,-5.233267365E0,3.164419556E0
8.432375416E-1,2.170935516E0,-8.801846466E0,-7.969427490E-1
8.632575416E-1,-3.520678711E-1,-1.240440491E1,-2.327809296E0
8.832785417E-1,-3.287164307E-1,-1.264944534E1,-2.693947906E0
9.032995417E-1,5.276527405E-1,-1.125898682E1,-1.848506012E0
9.233195416E-1,1.029409332E0,-9.540859680E0,-1.238374786E0
9.433405416E-1,2.957849121E-1,-9.027577057E0,-9.301657104E-1
9.633605417E-1,-3.676354980E-1,-9.388177185E0,-7.307803345E-1
9.833815417E-1,-8.852590942E-1,-9.755064240E0,-6.912625122E-1
1.003401542E0,-1.287023621E0,-1.039872574E1,-7.268884277E-1
1.023422542E0,-1.218166809E0,-1.092084000E1,-6.270460510E-1
1.043443542E0,-1.860181732E0,-1.088057373E1,-4.044589233E-1
1.063463542E0,-2.257156219E0,-1.078327606E1,1.475930786E-1
1.083484542E0,-2.212998047E0,-1.013198044E1,4.480183411E-1
1.103504542E0,-1.667831726E0,-9.828561401E0,2.691403198E-1
1.123525542E0,-7.590715027E-1,-9.855505371E0,-1.071771240E-1
1.143545542E0,1.945953369E-1,-1.010039612E1,-4.402345276E-1
1.163566542E0,1.760339355E0,-1.072564590E1,-3.008743286E-2
1.183587542E0,3.204835510E0,-1.095332245E1,1.386865997E0
1.203607542E0,3.819906464E0,-1.009590546E1,2.342478790E0
1.223628542E0,3.559747467E0,-9.195527802E0,1.152303772E0
1.243648542E0,2.591560822E0,-9.553433533E0,4.086502075E-2
1.263669542E0,2.477198639E0,-1.027178970E1,5.993536377E-1
1.283689542E0,1.923649750E0,-1.092158844E1,5.821394348E-1
1.303710542E0,1.294657745E0,-1.102442459E1,1.075214081E0
1.323731542E0,1.222058716E0,-1.042432251E1,1.225202179E0
1.343751542E0,1.576820984E0,-9.904603271E0,-6.584806824E-1
1.363772542E0,1.522933044E0,-9.456584930E0,-1.314266968E0
1.383792542E0,1.462009735E0,-8.755742340E0,-1.065933380E0
1.403813542E0,1.494492188E0,-8.111182709E0,-5.911207581E-1
1.423833542E0,1.418001251E0,-7.816744995E0,-1.812730408E-1
1.443854542E0,1.544039154E0,-8.037535858E0,-1.811233521E-1
1.463875542E0,1.555415497E0,-8.250243530E0,-1.246907043E-1
1.483895542E0,1.573677521E0,-8.279283142E0,1.496887207E-1
1.503916542E0,1.700164490E0,-8.483159180E0,7.379653931E-1
1.523936542E0,2.098486176E0,-8.875942383E0,1.065783691E0
1.543957542E0,2.218087463E0,-9.772727509E0,1.368154907E0
1.563977542E0,2.432890778E0,-1.028735733E1,2.877466278E0
1.583998542E0,2.342329102E0,-1.093191696E1,5.462291107E0
1.604019542E0,1.946103058E0,-1.160776154E1,3.734284515E0
1.624039542E0,2.030976563E0,-1.028750702E1,1.331032104E0
1.644060542E0,2.497855682E0,-8.403375092E0,6.092330933E-2
1.664080542E0,1.981279907E0,-8.674611053E0,1.366658020E-1
1.684101542E0,2.183958435E0,-9.620344391E0,7.649093628E-2
1.704121833E0,1.442101135E0,-1.026161087E1,1.773811340E-1
1.724142833E0,2.336640930E-1,-1.034229309E1,4.243675232E-1
1.744162833E0,-9.607022095E-1,-9.989626465E0,1.996847534E-1
1.764183833E0,-1.375938721E0,-1.020173538E1,4.290078735E-1
1.784204833E0,-1.313668213E0,-1.033974838E1,4.426295471E-1
1.804224833E0,-1.179846497E0,-1.040621017E1,4.219725037E-1
1.824245833E0,-7.137158203E-1,-9.937085724E0,3.796105957E-1
1.844265833E0,1.258882141E-1,-9.508377228E0,2.613565063E-1
1.864286833E0,1.282832336E0,-9.362879791E0,4.177812195E-1
1.884306833E0,2.561323700E0,-8.978030090E0,2.869532776E-1
1.904327833E0,3.842659149E0,-8.187224579E0,9.759704590E-2
1.924348833E0,4.404291229E0,-7.499404907E0,1.769320679E-1
1.944368833E0,3.487447815E0,-9.506880341E0,-7.529342651E-2
1.964389833E0,2.950514374E0,-1.234258347E1,9.190887451E-2
1.984409833E0,1.299148407E0,-1.317859497E1,2.936892700E-1
2.004430833E0,-8.231382751E-1,-9.845775604E0,-2.995271301E-1
2.024450833E0,-1.850451965E0,-7.928412781E0,-1.298849030E0
2.044471833E0,-2.749482422E0,-7.807314606E0,-9.057664490E-1
2.064492833E0,-4.813839569E0,-7.682623901E0,4.013903046E0
2.084512833E0,-4.428989868E0,-7.370822296E0,2.610271912E0
2.104533833E0,-1.685345306E0,-7.899073792E0,3.608995056E-1
2.124553833E0,1.382525024E0,-8.368198242E0,1.331032104E0
2.144574833E0,2.951861572E-1,-7.330556030E0,8.316705322E-1
2.164594833E0,-9.958341522E0,3.474275208E0,6.472240906E0
2.184615833E0,-9.536369019E0,-1.715028580E1,5.704936523E0
2.204635833E0,-5.464686127E0,-2.427696579E1,-2.092049561E0
2.224656833E0,1.064017365E1,-1.138038437E1,-6.694977722E0
2.244677833E0,9.586365051E0,-1.194515991E0,-4.158951416E0
2.264697833E0,3.598516846E0,-1.023870850E0,-1.421444092E0
2.284718833E0,1.733694763E0,-6.097869415E0,-3.159928894E-1
2.304738833E0,-5.369334412E-1,-1.711001953E1,1.248733246E1
2.324759833E0,5.657784576E0,-2.254147476E1,9.280700684E-3
2.344779833E0,4.267924805E0,-1.801937851E1,-6.112239532E0
2.364800833E0,-4.202061768E0,-1.870749756E1,8.801247711E0
2.384820833E0,-2.460732880E0,-2.472887604E1,9.902657318E0
2.404841833E0,-1.049018555E0,-3.409160614E1,1.078357544E1
2.424862833E0,3.553011475E0,-3.781930435E1,1.199186279E1
2.444882833E0,3.204236755E0,-2.453008942E1,2.502196655E0
2.464903833E0,8.387059021E-1,-1.885613846E1,1.581611023E0
2.484923833E0,-2.769989777E0,-1.576012665E1,-4.924758911E-2
2.504944833E0,-2.816542969E0,-1.021565643E1,-2.650687866E0
2.524964833E0,-4.243076477E0,-4.239034882E0,-1.154100037E0
2.544985833E0,-5.079387360E0,-4.059258728E0,-1.846110992E0
2.565006833E0,-8.996741180E0,-1.284329224E0,2.551893311E1
2.585026833E0,-6.767427063E-1,1.166823578E0,7.945926361E0
2.605047833E0,-6.539900208E-1,1.969005432E0,-8.832233276E0
2.625067833E0,-2.590662689E0,-8.583151245E-1,-5.601501617E0
2.645088833E0,-2.320324860E0,-1.734143829E0,1.999242554E0
2.665108833E0,-2.841840363E0,-1.373693390E0,1.872306519E0
2.685129833E0,-2.270777893E0,-1.601220245E0,-3.236270142E-1
2.705149292E0,-1.774410095E0,-1.560953979E0,8.562194824E-2
2.725170292E0,-5.209167480E-2,-1.148860931E0,4.311035156E-1
2.745191292E0,1.056053925E0,-1.790576477E0,8.517288208E-2
2.765211292E0,2.002386017E0,-2.472258911E0,2.504292297E-1
2.785232292E0,2.881058807E0,-4.750820618E0,2.121089172E-1
2.805252292E0,3.424728241E0,-9.849966888E0,-3.365002441E-1
2.825273292E0,3.384611664E0,-1.571806412E1,-6.854246521E-1
2.845293292E0,1.252146149E0,-1.740176285E1,-1.223705292E0
2.865314292E0,6.363866272E0,-1.075992462E1,-1.227746887E0
2.885334292E0,5.977369995E0,-7.967331848E0,-1.363364868E0
2.905355292E0,6.205046539E0,-8.577762451E0,-8.246351624E-1
2.925376292E0,4.710404663E0,-1.055619827E1,3.871100006E0
2.945396292E0,1.238225098E0,-1.222028778E1,5.845494232E0
2.965417292E0,5.626799011E-1,-1.226369751E1,3.110381927E0
2.985437292E0,1.221909027E0,-1.098236206E1,-5.634283447E-1
3.005458292E0,6.162684631E-1,-1.091515182E1,-1.358724518E0
3.025478292E0,2.803669739E-1,-1.054407349E1,-1.724414062E-1
3.045499292E0,4.339476013E-1,-1.120719452E1,7.768844604E-1
3.065519292E0,5.426216125E-1,-1.200413727E1,1.889071655E0
3.085540292E0,1.906734924E0,-1.162722107E1,3.324885864E0
3.105561292E0,3.122207336E0,-1.110420868E1,2.550995178E0
3.125581292E0,3.597918091E0,-1.102532272E1,7.280859375E-1
3.145602292E0,3.598816223E0,-1.113968491E1,-6.637197876E-1
3.165622292E0,2.872077484E0,-1.174382858E1,-1.339264984E0
3.185643292E0,2.046693878E0,-1.247939896E1,-1.060694275E0
3.205663292E0,9.686357117E-1,-1.261112503E1,7.574249268E-2
3.225684292E0,6.825805664E-2,-1.222702377E1,1.537602539E0
3.245704292E0,-5.761518860E-1,-1.202748871E1,2.056423645E0
3.265725292E0,-5.387297058E-1,-1.202629120E1,1.341959381E0
3.285746292E0,-1.317260742E-2,-1.207284439E1,3.776646423E-1
3.305766292E0,1.336570587E0,-1.216340607E1,2.827619934E-1
3.325787292E0,2.602039032E0,-1.202524338E1,1.227148132E0
3.345807292E0,3.156785431E0,-1.196387100E1,2.418071594E0
3.365828292E0,3.010838928E0,-1.228300735E1,2.180515594E0
3.385848292E0,2.422262878E0,-1.250245102E1,1.215472412E0
3.405869292E0,1.822460175E0,-1.245260468E1,9.699829102E-1
3.425889292E0,1.457668762E0,-1.244556931E1,1.487157440E0
3.445910292E0,1.290616150E0,-1.253134094E1,2.285148010E0
3.465931292E0,1.361119537E0,-1.253912476E1,2.760858765E0
3.485951292E0,1.660197601E0,-1.227522354E1,2.846480713E0
3.505972292E0,2.067051544E0,-1.179681839E1,2.723885651E0
3.525992292E0,2.286944275E0,-1.150073410E1,2.540966034E0
3.546013292E0,2.148033142E0,-1.119387222E1,2.535577240E0
3.566033292E0,1.679806824E0,-1.052296738E1,2.530487823E0
3.586054292E0,1.527423706E0,-9.740544434E0,2.505938873E0
3.606074292E0,1.632654877E0,-9.372310181E0,2.584974518E0
3.626095292E0,1.528022461E0,-9.131910095E0,2.780318298E0
3.646115292E0,1.011446686E0,-8.625662842E0,2.756817169E0
3.666136292E0,1.287322998E-1,-8.276588745E0,2.563868408E0
3.686157292E0,-9.544152832E-1,-7.984995117E0,2.336640930E0
3.706177417E0,-1.752405853E0,-7.607330475E0,2.308649139E0
3.726198417E0,-2.046244812E0,-7.283553772E0,2.409988403E0
3.746218417E0,-1.913470917E0,-7.057523804E0,2.564916229E0
3.766239417E0,-1.669777679E0,-6.821913757E0,2.708916779E0
3.786259417E0,-1.178648987E0,-6.204447784E0,2.522105255E0
3.806280417E0,-8.029302979E-1,-5.662724304E0,2.235151978E0
3.826300417E0,-6.233038330E-1,-5.188809814E0,2.063309326E0
3.846321417E0,-5.789959717E-1,-4.837041321E0,1.955383759E0
3.866342417E0,-6.849755859E-1,-4.687352600E0,1.837279358E0
3.886362417E0,-8.255332947E-1,-4.476740570E0,1.699116669E0
3.906383417E0,-7.273374939E-1,-4.041595459E0,1.541344757E0
3.926403417E0,-3.608995056E-1,-3.161276093E0,1.472487946E0
3.946424417E0,1.434017944E-1,-1.947599945E0,1.572030945E0
3.966444417E0,4.676275635E-1,-8.008346558E-1,1.574425964E0
3.986465417E0,8.140072632E-1,-2.098635864E-1,1.247954865E0
4.006485417E0,1.074016571E0,-7.424560547E-1,6.462062073E-1
4.026506417E0,1.037791901E0,-2.302811279E0,1.212478638E-1
4.046526417E0,7.027885437E-1,-3.587589569E0,2.826123047E-1
4.066547417E0,1.014889526E-1,-4.496649170E0,9.638456726E-1
4.086568417E0,-1.913021851E-1,-5.330714722E0,1.460213470E0
4.106588417E0,-3.338058472E-2,-7.047195282E0,1.912273407E0
4.126609417E0,1.601669312E-2,-9.586215363E0,2.198627930E0
4.146629417E0,-2.582130432E-1,-1.077175003E1,2.498155060E0
4.166650417E0,-7.080276489E-1,-1.000474503E1,1.883832550E0
4.186670417E0,-8.491841125E-1,-9.191635895E0,9.080117798E-1
4.206691417E0,-9.794132996E-1,-9.979896698E0,7.120692444E-1
4.226711417E0,-6.099815369E-1,-1.031250504E1,1.984123993E0
4.246732417E0,-1.017883301E-1,-1.039797729E1,3.253783722E0
4.266752417E0,3.011737061E-1,-9.927954712E0,3.276686096E0
4.286773417E0,2.210902405E-1,-9.664352875E0,3.094963989E0
4.306794417E0,-6.885681152E-2,-1.020742355E1,2.497556305E0
4.326814417E0,-3.360511780E-1,-1.021341110E1,2.034120026E0
4.346835417E0,-1.624122620E-1,-1.040531204E1,2.027384033E0
4.366855417E0,1.968406677E-1,-1.093476105E1,2.488724670E0
4.386876417E0,5.727090454E-1,-1.100975510E1,2.581232300E0
4.406896417E0,1.102607117E0,-1.056368271E1,2.023641815E0
4.426917417E0,1.719773712E0,-1.024200165E1,2.015259247E0
4.446937417E0,2.329605560E0,-9.945168915E0,2.507136383E0
4.466958417E0,2.070195007E0,-1.026909531E1,2.260299683E0
4.486978417E0,1.489103394E0,-1.086485641E1,1.649869080E0
4.506999417E0,1.079704742E0,-1.048509613E1,1.250948639E0
4.527020417E0,7.235952759E-1,-9.378896484E0,1.111887817E0
4.547040417E0,1.748364258E-1,-9.096882935E0,9.976753235E-1
4.567061417E0,-4.137396240E-1,-1.080213684E1,5.237608337E-1
4.587081417E0,-5.550457764E-1,-1.197330139E1,4.546046448E-1
4.607102417E0,-4.435276794E-1,-1.074390793E1,9.891430664E-1
4.627122417E0,-3.972738647E-1,-1.009545639E1,1.131646729E0
4.647143417E0,1.242416382E-1,-1.133652557E1,1.526226196E0
4.667163417E0,9.274713135E-1,-1.252235962E1,1.938019867E0
4.687184417E0,1.957329712E0,-1.149983597E1,1.870959320E0
4.707204333E0,2.299817505E0,-1.127230911E1,1.382225647E0
4.727225333E0,1.565444641E0,-1.253658005E1,7.502398682E-1
4.747246333E0,8.988807678E-1,-1.361598541E1,7.605683899E-1
4.767266333E0,1.168769531E0,-1.428120209E1,7.065307617E-1
4.787287333E0,2.270029449E0,-1.559067902E1,1.050515442E0
4.807307333E0,3.539240112E0,-1.673759399E1,1.818867645E0
4.827328333E0,4.183650055E0,-1.601833969E1,2.244432678E0
4.847348333E0,4.174668732E0,-1.473999802E1,2.406695251E0
4.867369333E0,3.927682343E0,-1.465542389E1,2.550845490E0
4.887389333E0,3.440894623E0,-1.509026962E1,2.648442535E0
4.907410333E0,2.696791992E0,-1.501482651E1,2.219434662E0
4.927430333E0,1.959125977E0,-1.461381042E1,1.470541992E0
4.947451333E0,1.227297821E0,-1.417507278E1,1.037492523E0
4.967471333E0,5.144801331E-1,-1.431802551E1,6.933581543E-1
4.987492333E0,-6.960525513E-2,-1.428165115E1,1.049766998E0
5.007513333E0,-7.361691284E-1,-1.384875137E1,1.112037506E0
5.027533333E0,-6.783892822E-1,-1.357107880E1,1.253193970E0
5.047554333E0,4.782554626E-1,-1.338785980E1,1.683099976E0
5.067574333E0,1.521286469E0,-1.295795380E1,1.015937347E0
5.087595333E0,1.811083832E0,-1.234767288E1,3.245251465E-1
5.107615333E0,9.361532593E-1,-1.216834579E1,5.471122742E-1
5.127636333E0,-4.475692749E-2,-1.137828873E1,1.056952057E0
5.147656333E0,-5.897735596E-2,-1.091200836E1,1.232087860E0
5.167677333E0,4.761598206E-1,-1.074480606E1,9.366023254E-1
5.187697333E0,7.063810730E-1,-1.047791107E1,5.062472534E-1
5.207718333E0,6.439608765E-1,-9.655820618E0,8.268804932E-1
5.227738333E0,2.558180237E-1,-8.830137634E0,1.558409271E0
5.247759333E0,1.619631958E-1,-8.595725098E0,1.840871887E0
5.267780333E0,1.823208618E-1,-8.350534973E0,1.516197052E0
5.287800333E0,3.323089600E-2,-7.686665497E0,2.169139252E0
5.307821333E0,-3.167413330E-1,-7.227420502E0,2.066303101E0
5.327841333E0,-7.872129822E-1,-6.591692505E0,1.319356384E0
5.347862333E0,-1.155596924E0,-6.005062408E0,1.405876465E0
5.367882333E0,-1.279389496E0,-5.645809479E0,2.041454773E0
5.387903333E0,-1.154249725E0,-5.432652740E0,2.476599884E0
5.407923333E0,-1.075513458E0,-5.408103790E0,2.340532837E0
5.427944333E0,-1.194665680E0,-4.945865021E0,1.910327454E0
5.447964333E0,-1.154998169E0,-3.939956818E0,1.534159698E0
5.467985333E0,-1.040486298E0,-2.600242767E0,1.285676422E0
5.488006333E0,-9.023236084E-1,-1.195264435E0,1.253044281E0
5.508026333E0,-5.789959717E-1,-5.321434021E-1,8.643026733E-1
5.528047333E0,-1.592687988E-1,-1.163530426E0,3.882925415E-1
5.548067333E0,-6.915618896E-2,-2.148332520E0,3.415896606E-1
5.568088333E0,-1.327738953E-1,-2.562521210E0,8.966354370E-2
5.588108333E0,-1.796264648E-3,-2.432591400E0,-1.691482544E-1
5.608129333E0,5.593867493E-1,-2.071392517E0,4.152365112E-1
5.628149333E0,1.074615326E0,-2.061513062E0,1.234183502E0
5.648170333E0,1.253493347E0,-2.600691833E0,1.387764130E0
5.668190333E0,1.063388672E0,-3.839365997E0,1.843416595E0
5.688211333E0,6.249504089E-1,-5.480253754E0,2.199226685E0
5.708230917E0,-3.417393494E-1,-7.605234833E0,1.773661652E0
5.728251917E0,-2.285447388E0,-9.771080933E0,1.700014801E0
5.748271917E0,-4.157903595E0,-1.092697723E1,2.551294556E0
5.768292917E0,-3.651506653E0,-9.773326263E0,2.647095337E0
5.788313917E0,-2.768492889E0,-8.597371674E0,2.528541870E0
5.808333917E0,-2.483335876E0,-9.039103088E0,2.953957214E0
5.828354917E0,-1.895957336E0,-9.273665314E0,3.150498505E0
5.848374917E0,-1.863325195E0,-9.108408966E0,2.542612610E0
5.868395917E0,-1.866917725E0,-9.183103638E0,2.108964386E0
5.888415917E0,-2.008523254E0,-9.892478485E0,2.896626434E0
5.908436917E0,-1.955982513E0,-1.043495041E1,3.527414703E0
5.928456917E0,-1.692829742E0,-9.984836426E0,3.575315094E0
5.948477917E0,-2.114652557E0,-1.020053787E1,2.719245300E0
5.968497917E0,-2.378853149E0,-1.111319000E1,1.938019867E0
5.988518917E0,-1.834734650E0,-1.018467087E1,2.482737122E0
6.008538917E0,-1.689087524E0,-9.472751312E0,3.279679871E0
6.028559917E0,-1.968256989E0,-1.123623413E1,3.080593872E0
6.048579917E0,-1.932780762E0,-1.160177399E1,2.545157318E0
6.068600917E0,-1.559906158E0,-1.035860916E1,2.671793976E0
6.088620917E0,-8.187973022E-1,-1.120734421E1,2.827919312E0
6.108641917E0,-4.004173279E-1,-1.253493347E1,2.954855347E0
6.128662917E0,-5.532495117E-1,-1.198572556E1,2.739303589E0
6.148682917E0,-5.444178772E-1,-1.135538635E1,2.758613434E0
6.168703917E0,5.538482666E-3,-1.247415985E1,2.900817719E0
6.188723917E0,1.336720276E-1,-1.445439194E1,2.726430359E0
6.208744917E0,4.667294312E-1,-1.572195602E1,2.577041016E0
6.228764917E0,1.105900269E0,-1.491318787E1,2.715203705E0
6.248785917E0,1.524729309E0,-1.383483032E1,2.654579773E0
6.268805917E0,1.978286133E0,-1.420336395E1,2.302362213E0
6.288826917E0,2.246678009E0,-1.490211090E1,2.316582642E0
6.308846917E0,2.604434052E0,-1.498922974E1,2.258952484E0
6.328867917E0,2.776576080E0,-1.406460251E1,2.064506836E0
6.348887917E0,2.315085754E0,-1.367211868E1,2.092348938E0
6.368908917E0,1.801204376E0,-1.357257568E1,2.203717346E0
6.388928917E0,1.961071930E0,-1.362616425E1,2.542163544E0
6.408949917E0,2.734214172E0,-1.298609528E1,2.772534485E0
6.428969917E0,2.899769897E0,-1.275767029E1,2.350861359E0
6.448990917E0,2.281106415E0,-1.325104431E1,1.582658844E0
6.469010917E0,7.652087402E-1,-1.325703186E1,1.048868866E0
6.489031917E0,-5.571414185E-1,-1.284658539E1,7.593708801E-1
6.509052917E0,-1.308578796E0,-1.272473877E1,1.094074860E0
6.529072917E0,-1.232237549E0,-1.265453476E1,1.998194733E0
6.549093917E0,-6.301895142E-1,-1.235246292E1,2.329455872E0
6.569113917E0,-2.020797729E-2,-1.227896576E1,2.203717346E0
6.589134917E0,5.255570984E-1,-1.211296097E1,2.098635864E0
6.609154917E0,9.358538818E-1,-1.161120438E1,2.199226685E0
6.629175917E0,1.119521942E0,-1.089000412E1,1.847308502E0
6.649195917E0,1.210382996E0,-1.023885818E1,1.116228790E0
6.669216917E0,1.104253693E0,-9.883197784E0,7.800279236E-1
6.689236917E0,6.318360901E-1,-9.802515564E0,7.102729797E-1
6.709258542E0,3.682342529E-2,-9.900711365E0,4.327500916E-1
6.729278542E0,-5.456153870E-1,-9.586215363E0,1.365161133E-1
6.749299542E0,-1.183289337E0,-8.855584717E0,-8.083190918E-3
6.769319542E0,-1.347647552E0,-8.283474426E0,4.445755005E-1
6.789340542E0,-1.049018555E0,-7.721393280E0,1.348246307E0
6.809360542E0,-8.518785095E-1,-7.361691284E0,1.701960754E0
6.829381542E0,-7.467970276E-1,-7.400610352E0,1.280137939E0
6.849401542E0,-5.890251160E-1,-7.411088562E0,7.220983887E-1
6.869422542E0,-2.372566223E-1,-7.281009064E0,6.015989685E-1
6.889443542E0,-1.736389160E-1,-6.854845276E0,7.286846924E-1
6.909463542E0,-3.025209045E-1,-5.921685791E0,9.541159058E-1
6.929484542E0,-3.481759644E-1,-4.896168365E0,1.284029846E0
6.949504542E0,-2.285746765E-1,-4.046535187E0,1.501976624E0
6.969525542E0,-4.056564331E-2,-3.188669128E0,1.285077667E0
6.989545542E0,4.146377563E-2,-2.032024384E0,8.750802612E-1
7.009566542E0,-1.351689148E-1,-7.647596741E-1,7.521858215E-1
7.029586542E0,-2.758763123E-1,1.062789917E-2,8.394543457E-1
7.049607542E0,-3.586541748E-1,-2.713856506E-1,6.568341064E-1
7.069627542E0,-3.007246399E-1,-2.204166412E0,3.255729675E-1
7.089648542E0,-2.252815247E-1,-4.102518768E0,1.496887207E-3
7.109668542E0,6.885681152E-3,-5.269042969E0,-8.442443848E-2
7.129689542E0,2.794688416E-1,-6.030359802E0,4.602928162E-1
7.149709542E0,3.906875610E-1,-6.927144928E0,1.571731567E0
7.169730542E0,7.026388550E-1,-7.770790558E0,1.590891724E0
7.189750542E0,4.489164734E-1,-8.284222870E0,9.240284729E-1
7.209771542E0,4.251159668E-1,-8.650960236E0,1.028960266E0
7.229791542E0,3.167413330E-1,-9.637708282E0,1.229094086E0
7.249812542E0,1.031355286E-1,-1.010817993E1,1.494791565E0
7.269832542E0,1.199006653E-1,-9.650731201E0,1.976190491E0
7.289853542E0,4.974156189E-1,-9.866881714E0,2.805316315E0
7.309873542E0,5.984555054E-1,-1.008737320E1,2.729573822E0
7.329894542E0,3.658392334E-1,-1.001267853E1,2.126777344E0
7.349915542E0,2.071691895E-1,-9.900411987E0,1.867067413E0
7.369935542E0,-1.294807434E-1,-1.013766861E1,2.165247345E0
7.389956542E0,-8.152047729E-1,-1.041728714E1,2.502196655E0
7.409976542E0,-1.407373352E0,-1.018003052E1,2.787952423E0
7.429997542E0,-1.514101410E0,-1.019065842E1,3.200494537E0
7.450017542E0,-1.805545349E0,-1.068463120E1,2.915038147E0
7.470038542E0,-1.685045929E0,-1.098819992E1,2.780318298E0
7.490058542E0,-1.420096893E0,-1.061442719E1,2.851869507E0
7.510079542E0,-1.563947754E0,-9.614955597E0,3.185076599E0
7.530099542E0,-1.479822693E0,-9.991123352E0,2.890189819E0
7.550120542E0,-1.117276611E0,-1.135074600E1,2.331102448E0
7.570140542E0,-9.166937256E-1,-1.086680237E1,2.419718170E0
7.590161542E0,-7.077282715E-1,-1.015099091E1,2.548001404E0
7.610181542E0,-1.875599670E-1,-1.172406967E1,2.088906097E0
7.630202542E0,6.972500610E-1,-1.360820160E1,1.821711731E0
7.650222542E0,1.169517975E0,-1.542482391E1,1.723515930E0
7.670243542E0,1.512604523E0,-1.662442932E1,1.872007141E0
7.690263542E0,2.139351196E0,-1.728455658E1,2.430944824E0
7.710284667E0,2.552342377E0,-1.556119034E1,3.394790497E0
7.730304667E0,2.011067963E0,-1.560939011E1,3.281027069E0
7.750325667E0,5.728587341E-1,-1.578707062E1,2.491568756E0
7.770345667E0,-2.805166626E-1,-1.507365417E1,2.416125641E0
7.790366667E0,-5.607339478E-1,-1.438254135E1,3.215463409E0
7.810386667E0,2.571652222E-1,-1.361882950E1,3.339255981E0
7.830407667E0,1.340761871E0,-1.348081650E1,3.313808899E0
7.850427667E0,2.204166412E0,-1.364996475E1,2.954256592E0
7.870448667E0,1.964814148E0,-1.368424347E1,2.566712494E0
7.890468667E0,1.236728210E0,-1.362511642E1,2.040406952E0
7.910489667E0,2.561174011E-1,-1.357317444E1,1.340761871E0
7.930509667E0,-8.548722839E-1,-1.335807175E1,9.882449341E-1
7.950530667E0,-1.972298584E0,-1.242985199E1,7.382647705E-1
7.970551667E0,-2.516866150E0,-1.161629379E1,7.542814636E-1
7.990571667E0,-1.491199036E0,-1.101110229E1,1.234333191E0
8.010592667E0,5.059478760E-2,-1.024499542E1,1.366807709E0
8.030612667E0,1.323847046E0,-9.322463837E0,1.219364319E0
8.050633667E0,2.217638397E0,-8.919202423E0,1.077160034E0
8.070653667E0,2.769391022E0,-8.871751099E0,8.285270691E-1
8.090674667E0,2.733316040E0,-8.732091522E0,7.523355103E-1
8.110694667E0,1.986369324E0,-8.490942993E0,1.167721710E0
8.130715667E0,7.530839539E-1,-8.207881622E0,1.580263824E0
8.150735667E0,-6.292913818E-1,-8.068521423E0,1.620380402E0
8.170756667E0,-1.602118378E0,-7.899223480E0,1.604663086E0
8.190776667E0,-1.773661652E0,-7.892337799E0,1.752854919E0
8.210797667E0,-1.304387512E0,-8.084089050E0,2.323468323E0
8.230817667E0,-8.556207275E-1,-8.242160339E0,1.833237762E0
8.250838667E0,-6.315367126E-1,-7.993527374E0,1.191222839E0
8.270858667E0,-7.571255493E-1,-7.480095062E0,8.663983154E-1
8.290879667E0,-1.026265869E0,-7.021299133E0,6.339317322E-1
8.310899667E0,-1.480571136E0,-6.692283325E0,4.248165894E-1
8.330920667E0,-2.054178314E0,-6.309229889E0,1.166075134E-1
8.350940667E0,-2.153272247E0,-5.621859283E0,-2.784210205E-2
8.370961667E0,-1.630110168E0,-4.581522675E0,6.399192810E-1
8.390981667E0,-9.012757874E-1,-3.197949829E0,1.375190277E0
8.411002667E0,-1.899549866E-1,-1.678908691E0,1.858235779E0
8.431022667E0,2.823129272E-1,-5.505551147E-1,1.898202667E0
8.451043667E0,1.437011719E-1,-3.516188049E-1,1.248254242E0
8.471063667E0,-8.839118958E-1,-1.114582214E0,1.416055298E-1
8.491084667E0,-1.874701538E0,-2.534230042E0,-2.417472839E-1
8.511104667E0,-1.782493286E0,-4.408482513E0,-1.526824951E-2
8.531125667E0,-1.184636536E0,-6.474635925E0,3.365002441E-1
8.551145667E0,-5.936654663E-1,-8.396489410E0,1.004261627E0
8.571166667E0,5.004093933E-1,-8.771908722E0,1.619182892E0
8.591186667E0,1.259929962E0,-8.400680695E0,1.235530701E0
8.611207667E0,1.832040253E0,-8.128097534E0,9.940827942E-1
8.631227667E0,1.741029510E0,-8.371341705E0,1.064735870E0
8.651248667E0,1.203197937E0,-8.749754791E0,1.198407898E0
8.671268667E0,4.369413757E-1,-8.939859467E0,1.587748260E0
8.691289667E0,-2.306703186E-1,-9.699829102E0,2.105072479E0
8.711309292E0,-4.815486145E-1,-1.108430008E1,1.380279694E0
8.731330292E0,-7.918533325E-1,-1.075094330E1,1.276096344E0
8.751350292E0,-1.153052216E0,-9.328601074E0,1.844763794E0
8.771371292E0,-1.748813324E0,-9.981094208E0,1.441502380E0
8.791391292E0,-2.275418243E0,-1.128578110E1,1.218166809E0
8.811412292E0,-2.843636627E0,-1.088057373E1,1.757495270E0
8.831432292E0,-2.722538452E0,-1.014350647E1,2.672093353E0
8.851453292E0,-2.302362213E0,-1.056353302E1,2.999612274E0
8.871473292E0,-2.026336212E0,-1.091859467E1,2.837798767E0
8.891494292E0,-1.821562042E0,-1.022284149E1,2.363884277E0
8.911514292E0,-1.385518799E0,-1.005309448E1,2.299518127E0
8.931535292E0,-6.629713440E-1,-1.091949280E1,2.520159302E0
8.951555292E0,-6.248007202E-1,-1.078147980E1,2.668051758E0
8.971576292E0,-1.469194794E0,-1.018212616E1,2.507735138E0
8.991596292E0,-2.127076721E0,-1.071456894E1,2.049388275E0
9.011617292E0,-1.742975464E0,-1.203826630E1,2.543061676E0
9.031637292E0,-6.896159363E-1,-1.244961090E1,3.043620758E0
9.051658292E0,6.253994751E-1,-1.234003876E1,2.856060791E0
9.071678292E0,1.533710632E0,-1.303519318E1,2.770588531E0
9.091699292E0,2.009870453E0,-1.344040054E1,2.749183044E0
9.111719292E0,2.218536530E0,-1.322634567E1,2.657423859E0
9.131740292E0,1.786834259E0,-1.357781479E1,2.529290314E0
9.151760292E0,1.191372528E0,-1.415666107E1,2.552342377E0
9.171781292E0,7.192543030E-1,-1.471979004E1,2.972368927E0
9.191801292E0,8.000862122E-1,-1.556104065E1,3.396886139E0
9.211822292E0,1.521286469E0,-1.503967484E1,3.791914673E0
9.231842292E0,1.888622589E0,-1.430051193E1,3.807332611E0
9.251863292E0,2.083517303E0,-1.389261017E1,3.662882996E0
9.271883292E0,1.790875854E0,-1.391356659E1,3.339255981E0
9.291904292E0,1.526675262E0,-1.435305267E1,3.140619049E0
9.311924292E0,1.402583313E0,-1.447010925E1,3.226240997E0
9.331945292E0,7.298822021E-1,-1.374606491E1,2.431992645E0
9.351965292E0,6.137237549E-2,-1.284823196E1,2.012714539E0
9.371986292E0,-3.074606323E-1,-1.228061234E1,2.222428436E0
9.392006292E0,-2.731819153E-1,-1.181163757E1,2.246827698E0
9.412027292E0,-1.137634277E-2,-1.051338730E1,1.666185150E0
9.432047292E0,1.886077881E-2,-9.802964630E0,1.464255066E0
9.452068292E0,1.240919495E-1,-9.554331665E0,8.918453979E-1
9.472088292E0,-8.996292114E-2,-9.624685364E0,8.927435303E-1
9.492109292E0,-3.658392334E-1,-9.644743652E0,1.309776306E0
9.512129292E0,-1.407073975E-2,-1.008692413E1,1.579365692E0
9.532150292E0,1.227597198E0,-1.072175400E1,2.329006805E0
9.552170292E0,2.309098206E0,-1.004980133E1,3.219654694E0
9.572191292E0,3.143313446E0,-9.337432709E0,4.368216248E0
9.592211292E0,2.607876892E0,-9.664352875E0,3.374432831E0
9.612232292E0,8.907975769E-1,-8.997938690E0,1.993704071E0
9.632252292E0,-6.077362061E-1,-8.389603729E0,2.253713379E0
9.652273292E0,-1.060095520E0,-7.614665222E0,1.547032928E0
9.672293292E0,-8.744815063E-1,-7.237898712E0,1.209784241E0
9.692314292E0,-1.636097717E-1,-7.520660706E0,1.462009735E0
9.712334917E0,6.107299805E-2,-7.726183319E0,1.228046265E0
9.732355917E0,-5.656736755E-1,-7.536378021E0,7.649093628E-1
9.752375917E0,-1.442250824E0,-6.851252747E0,6.632707214E-1
9.772396917E0,-1.444945221E0,-5.915548553E0,1.083896027E0
9.792416917E0,-9.349557495E-1,-5.141059113E0,1.399739227E0
9.812437917E0,-5.843847656E-1,-4.805606689E0,1.369502106E0
9.832457917E0,-4.038601685E-1,-4.359683990E0,1.393601990E0
9.852478917E0,-7.505392456E-1,-3.250789948E0,1.525328064E0
9.872498917E0,-1.343156891E0,-1.749112701E0,2.122286682E0
9.892519917E0,-1.683249664E0,-6.327342224E-1,2.158511353E0
9.912539917E0,-1.951342163E0,-7.756869507E-1,1.617236938E0
9.932560917E0,-2.302062836E0,-1.864971771E0,1.216819611E0
9.952580917E0,-1.955683136E0,-3.678151245E0,1.290017395E0
9.972601917E0,-7.421566772E-1,-4.995561676E0,1.400936737E0
9.992621917E0,-6.047424316E-2,-5.918841705E0,1.453776855E0
1.001264292E1,7.065307617E-2,-6.610253906E0,1.323697357E0
1.003266292E1,-1.526824951E-2,-7.143744507E0,9.111552429E-1
1.005268392E1,-4.032614136E-1,-8.006849670E0,9.382489014E-1
1.007270392E1,-1.057401123E0,-8.838819580E0,1.231638794E0
1.009272492E1,-9.873468018E-1,-9.160949707E0,1.330433350E0
1.011274492E1,-9.367520142E-1,-9.574539642E0,1.634002075E0
1.013276592E1,-9.681866455E-1,-9.531279602E0,1.688339081E0
1.015278592E1,-9.015751648E-1,-8.630303192E0,1.999990997E0
1.017280692E1,-5.718109131E-1,-9.091045074E0,2.325264587E0
1.019282692E1,-8.517288208E-2,-1.017419266E1,2.499202881E0
1.021284792E1,-3.553610229E-1,-1.018781433E1,2.461631012E0
1.023286792E1,-8.181985474E-1,-9.485325165E0,2.379751282E0
1.025288892E1,-6.536906433E-1,-9.525741119E0,2.590662689E0
1.027290892E1,-4.598437500E-1,-1.030262558E1,3.357518005E0
1.029292992E1,-7.771838379E-1,-1.065214874E1,3.311264191E0
1.031294992E1,-1.013692017E0,-1.085916824E1,3.009940796E0
1.033297092E1,-1.221459961E0,-1.078701828E1,3.088527374E0
1.035299092E1,-2.096989288E0,-1.013497421E1,3.180286560E0
1.037301192E1,-2.774181061E0,-1.025682083E1,2.853366394E0
1.039303192E1,-2.447859650E0,-1.058104660E1,2.696342926E0
1.041305292E1,-1.350341949E0,-1.060320053E1,3.070115662E0
1.043307292E1,-2.950364685E-1,-1.044213547E1,3.156036987E0
1.045309392E1,-5.403762817E-1,-1.010099487E1,2.727178802E0
1.047311392E1,-8.333171082E-1,-1.045051804E1,2.271226959E0
1.049313492E1,-6.864724731E-1,-1.150642227E1,2.223476257E0
1.051315492E1,-1.775308228E-1,-1.272518784E1,2.551294556E0
1.053317492E1,5.420228577E-1,-1.314087341E1,2.969824219E0
1.055319592E1,8.777746582E-1,-1.253478378E1,3.041824493E0
1.057321592E1,7.337741089E-1,-1.311198349E1,2.657872925E0
1.059323692E1,4.809498596E-1,-1.412133453E1,2.644550629E0
1.061325692E1,6.376739502E-2,-1.536105652E1,3.042722626E0
1.063327792E1,-2.601589966E-1,-1.436068680E1,3.497476959E0
1.065329792E1,-7.117698669E-1,-1.416279831E1,3.734733582E0
1.067331892E1,-7.581733704E-1,-1.414528473E1,3.664379883E0
1.069333892E1,-3.908372498E-1,-1.386581589E1,3.864663391E0
1.071335958E1,6.665638733E-1,-1.360326187E1,4.040547638E0
1.073337958E1,1.805245972E0,-1.320029984E1,3.747756500E0
1.075340058E1,2.556084595E0,-1.333831284E1,3.329226837E0
1.077342058E1,2.234253845E0,-1.294133835E1,2.840642853E0
1.079344158E1,1.145268402E0,-1.271515869E1,2.942730560E0
1.081346158E1,3.314108276E-1,-1.261366974E1,3.465443573E0
1.083348258E1,1.700463867E-1,-1.252894592E1,3.550915833E0
1.085350258E1,5.292993164E-1,-1.232102829E1,3.911815338E0
1.087352358E1,1.002165985E0,-1.177556259E1,3.391946411E0
1.089354358E1,1.366957397E0,-1.150088379E1,2.945724335E0
1.091356458E1,1.223705292E0,-1.165311722E1,2.543361053E0
1.093358458E1,6.770420837E-1,-1.113130234E1,2.275717621E0
1.095360558E1,2.743794250E-1,-1.083087708E1,2.228415985E0
1.097362558E1,2.556683350E-1,-1.044348267E1,2.398013306E0
1.099364658E1,8.655001831E-1,-1.008093658E1,2.779719543E0
1.101366658E1,1.396595764E0,-9.943971405E0,3.067421265E0
1.103368658E1,1.948049011E0,-9.604178009E0,3.179837494E0
1.105370758E1,1.975741425E0,-8.987759857E0,2.901416473E0
1.107372758E1,1.421893158E0,-9.005423126E0,2.555036774E0
1.109374858E1,8.674461365E-1,-8.911568298E0,2.441722412E0
1.111376858E1,5.146298218E-1,-8.604856110E0,2.283651123E0
1.113378958E1,4.052073669E-1,-8.086933136E0,2.213297424E0
1.115380958E1,3.498225403E-1,-7.818990326E0,2.218835907E0
1.117383058E1,9.550140381E-2,-7.601492615E0,1.928140411E0
1.119385058E1,-7.113208008E-1,-7.394473114E0,1.213526459E0
1.121387158E1,-1.415755920E0,-7.192093964E0,1.541045380E0
1.123389158E1,-1.266366577E0,-7.123386841E0,2.376158752E0
1.125391258E1,-9.065148926E-1,-7.404951324E0,1.942061462E0
1.127393258E1,-9.475296021E-1,-7.245832214E0,7.470964050E-1
1.129395358E1,-1.292262726E0,-6.839876404E0,1.215771790E0
1.131397358E1,-1.248553619E0,-6.535409546E0,2.128124542E0
1.133399458E1,-7.583230591E-1,-6.018384705E0,2.128872986E0
1.135401458E1,-5.584886169E-1,-5.318290558E0,2.127376099E0
1.137403558E1,-6.282435608E-1,-4.423301697E0,2.584076385E0
1.139405558E1,-8.635542297E-1,-3.225193176E0,2.713557129E0
1.141407658E1,-1.322200470E0,-1.730401611E0,2.562521210E0
1.143409658E1,-1.516646118E0,-4.989125061E-1,2.961890717E0
1.145411658E1,-1.460512848E0,-1.508862305E-1,2.382745056E0
1.147413758E1,-1.635199585E0,-1.742825775E0,9.418414307E-1
1.149415758E1,-2.518063660E0,-3.850143585E0,9.855505371E-1
1.151417858E1,-2.816692657E0,-5.347330170E0,9.238787842E-1
1.153419858E1,-2.332150269E0,-6.168372803E0,9.105564880E-1
1.155421958E1,-1.765728149E0,-6.918912048E0,1.693129120E0
1.157423958E1,-9.032217407E-1,-7.957003326E0,2.413281555E0
1.159426058E1,1.368154907E-1,-8.926387482E0,2.681374054E0
1.161428058E1,8.300239563E-1,-9.409882050E0,2.481689301E0
1.163430158E1,7.249424744E-1,-9.723928986E0,1.812281342E0
1.165432158E1,1.501377869E-1,-9.720635834E0,1.101708984E0
1.167434258E1,-5.990542603E-1,-9.256900177E0,1.390458527E0
1.169436258E1,-1.471589813E0,-9.351204071E0,2.187550964E0
1.171438308E1,-1.817670135E0,-9.948013000E0,2.494861908E0
1.173440308E1,-1.448238373E0,-1.022882904E1,2.726729736E0
1.175442408E1,-1.341809692E0,-9.568552094E0,2.939437408E0
1.177444408E1,-1.285826111E0,-9.791288910E0,2.419718170E0
1.179446408E1,-6.797364807E-1,-1.019470001E1,2.034120026E0
1.181448508E1,-9.325607300E-2,-9.794432373E0,2.633473663E0
1.183450508E1,-2.164498901E-1,-9.903854828E0,3.054997101E0
1.185452608E1,-8.367599487E-1,-1.089015381E1,2.669698334E0
1.187454608E1,-1.591041412E0,-1.118548965E1,1.971400452E0
1.189456708E1,-2.066303101E0,-1.057026901E1,2.048639832E0
1.191458708E1,-2.019151154E0,-1.045261368E1,2.985990601E0
1.193460808E1,-1.426383820E0,-1.136197266E1,3.157982941E0
1.195462808E1,-1.315015411E0,-1.127006378E1,2.533331909E0
1.197464908E1,-1.670675812E0,-1.042072998E1,2.182162170E0
1.199466908E1,-1.645677795E0,-1.048015640E1,2.313439178E0
1.201469008E1,-1.129251709E0,-1.146959885E1,2.797831879E0
1.203471008E1,-6.979985046E-1,-1.152887558E1,3.087180176E0
1.205473008E1,-5.797444153E-1,-1.080153809E1,2.700534210E0
1.207475108E1,-2.586621094E-1,-1.121482864E1,2.527643738E0
1.209477108E1,2.201921082E-1,-1.200174225E1,3.029999084E0
1.211479208E1,3.824546814E-1,-1.275482620E1,3.197800140E0
1.213481208E1,2.743794250E-1,-1.409184586E1,3.038681030E0
1.215483308E1,-1.654060364E-1,-1.523352173E1,3.037034454E0
1.217485308E1,-1.904040527E-1,-1.541479477E1,3.753145294E0
1.219487408E1,5.054988098E-1,-1.443867462E1,4.880750427E0
1.221489408E1,1.185384979E0,-1.392658951E1,5.255421295E0
1.223491508E1,1.509161682E0,-1.382854340E1,5.020559692E0
1.225493508E1,1.317111053E0,-1.320209610E1,4.619992676E0
1.227495608E1,1.448088684E0,-1.282248550E1,4.208947449E0
1.229497608E1,2.477348328E0,-1.294118866E1,4.511618042E0
1.231499608E1,3.649560699E0,-1.248748215E1,4.444407806E0
1.233501708E1,3.955674133E0,-1.180085999E1,3.765120392E0
1.235503708E1,3.192561035E0,-1.229198868E1,3.955374756E0
1.237505808E1,1.743274841E0,-1.192599976E1,4.136647797E0
1.239507808E1,3.870950317E-1,-1.092263626E1,3.482508087E0
1.241509908E1,-4.963677979E-1,-1.022508682E1,3.371289368E0
1.243511908E1,-6.129753113E-1,-9.955048370E0,4.599185944E0
1.245514008E1,-4.197271729E-1,-9.483229523E0,4.041146393E0
1.247516008E1,-1.191671906E0,-9.439071350E0,3.454216919E0
1.249518108E1,-2.571652222E0,-9.426497498E0,3.315904541E0
1.251520108E1,-3.284020844E0,-9.675729218E0,3.866759033E0
1.253522108E1,-2.921325073E0,-1.015967285E1,4.926255798E0
1.255524208E1,-1.174308014E0,-1.002510269E1,4.465364227E0
1.257526208E1,1.222507782E0,-9.513616333E0,4.334685974E0
1.259528308E1,1.443598022E0,-9.202862549E0,3.489992523E0
1.261530308E1,1.607656860E-1,-9.081464996E0,4.064647522E0
1.263532408E1,-7.512876892E-1,-8.958121490E0,4.189787292E0
1.265534408E1,-1.034349060E0,-8.317304077E0,3.795806580E0
1.267536508E1,-1.657652893E0,-7.897427216E0,3.140319672E0
1.269538508E1,-2.015558624E0,-7.974067841E0,3.293451233E0
1.271540604E1,-1.526375885E0,-7.849676514E0,3.604354706E0
1.273542604E1,-1.125060425E0,-7.352111206E0,2.955304413E0
1.275544704E1,-1.324146423E0,-6.728358307E0,2.060614929E0
1.277546704E1,-1.594933319E0,-6.039939880E0,2.429447937E0
1.279548704E1,-1.232836304E0,-5.449866943E0,2.758763123E0
1.281550804E1,-6.637197876E-1,-5.556744690E0,3.089275818E0
1.283552804E1,-9.592053223E-1,-6.079308014E0,2.530188446E0
1.285554904E1,-1.754651184E0,-6.097869415E0,1.976639557E0
1.287556904E1,-1.872755585E0,-5.521867218E0,2.564167786E0
1.289559004E1,-1.204844513E0,-4.967719574E0,2.840642853E0
1.291561004E1,-6.023474121E-1,-4.572840729E0,2.338137817E0
1.293563104E1,-6.221063232E-1,-4.161945190E0,1.813478851E0
1.295565104E1,-9.849517822E-1,-3.386108551E0,1.747915192E0
1.297567204E1,-1.311422882E0,-2.171384583E0,2.187101898E0
1.299569204E1,-7.517367554E-1,-9.623487854E-1,2.451003113E0
1.301571204E1,1.965412903E-1,-1.314266968E0,1.911225586E0
1.303573304E1,-4.734654236E-1,-3.260669403E0,1.494043121E0
1.305575304E1,-1.530866547E0,-4.766088867E0,1.136287079E0
1.307577404E1,-2.175725555E0,-5.712870026E0,9.922865295E-1
1.309579404E1,-2.771935730E0,-6.608457642E0,1.440304871E0
1.311581504E1,-2.935994568E0,-7.272476807E0,2.144739990E0
1.313583504E1,-3.054098969E0,-7.342680817E0,2.808759155E0
1.315585604E1,-2.798131256E0,-7.940836945E0,2.540367279E0
1.317587604E1,-1.534758453E0,-8.707991638E0,2.602637787E0
1.319589604E1,-1.682501221E-1,-9.074878693E0,3.000510406E0
1.321591704E1,5.673202515E-2,-9.194479980E0,2.589315491E0
1.323593704E1,-5.093907166E-1,-9.288933563E0,2.698887634E0
1.325595804E1,-1.055604858E0,-9.096583557E0,3.054697723E0
1.327597804E1,-1.055455170E0,-9.067843323E0,3.791016541E0
1.329599904E1,-5.957611084E-1,-9.858499146E0,3.874093781E0
1.331601904E1,-2.004331970E-1,-1.041623932E1,3.891307983E0
1.333604004E1,-3.978726196E-1,-1.014066238E1,3.849245453E0
1.335606004E1,-1.461710358E0,-9.521699524E0,3.165766754E0
1.337608104E1,-2.213147736E0,-9.364975433E0,2.614463196E0
1.339610104E1,-1.886377258E0,-1.019410126E1,3.385509796E0
1.341612104E1,-1.643432465E0,-1.123234222E1,3.304228821E0
1.343614204E1,-2.478096771E0,-1.057416092E1,2.935844879E0
1.345616204E1,-3.398233337E0,-1.006072861E1,2.664010162E0
1.347618304E1,-3.180436249E0,-1.155192764E1,2.508782959E0
1.349620304E1,-2.082170105E0,-1.196881073E1,3.539090424E0
1.351622404E1,-1.019679565E0,-1.010488678E1,4.011657715E0
1.353624404E1,-1.219064941E0,-9.391021271E0,3.609743500E0
1.355626504E1,-1.332079926E0,-1.055215668E1,3.380270691E0
1.357628504E1,-1.235381012E0,-1.181942139E1,3.148851929E0
1.359630504E1,-1.377285919E0,-1.164218994E1,3.318898315E0
1.361632604E1,-1.330882416E0,-1.058029816E1,3.679348755E0
1.363634604E1,-9.644444275E-1,-1.000459534E1,3.655398560E0
1.365636704E1,-3.406915283E-1,-1.077609100E1,3.514691162E0
1.367638704E1,-8.532257080E-3,-1.238284973E1,3.343746643E0
1.369640804E1,-7.379653931E-2,-1.288116348E1,3.151396637E0
1.371642817E1,-4.857398987E-1,-1.321272400E1,3.101101227E0
1.373644817E1,-3.808081055E-1,-1.332139801E1,3.932622070E0
1.375646917E1,-4.177812195E-1,-1.272893005E1,4.426145782E0
1.377648917E1,-3.972738647E-1,-1.233060837E1,4.191583557E0
1.379651017E1,-3.682342529E-1,-1.282727554E1,3.938759308E0
1.381653017E1,-1.893562317E-1,-1.241742783E1,4.055666199E0
1.383655117E1,-8.861572266E-2,-1.165641037E1,3.848047943E0
1.385657117E1,-1.990859985E-1,-1.151989426E1,3.617377625E0
1.387659217E1,-1.757345581E-1,-1.168425247E1,3.661685486E0
1.389661217E1,3.008743286E-2,-1.195354248E1,3.697461090E0
1.391663217E1,4.996609497E-1,-1.153665939E1,3.594475250E0
1.393665317E1,5.447172546E-1,-1.149968628E1,3.594924316E0
1.395667317E1,1.019380188E-1,-1.147004791E1,3.603905640E0
1.397669417E1,-4.288581848E-1,-1.150627258E1,3.733985138E0
1.399671417E1,-4.902305603E-1,-1.156839340E1,3.718716888E0
1.401673517E1,-1.308279419E-1,-1.139759857E1,3.880231018E0
1.403675517E1,2.137554932E-1,-1.120659576E1,4.269571381E0
1.405677617E1,-6.810836792E-2,-1.097547638E1,4.161645813E0
1.407679617E1,-5.421725464E-1,-1.126692032E1,3.967499542E0
1.409681617E1,-8.310717773E-1,-1.112950607E1,4.382436676E0
1.411683717E1,-1.113684082E0,-1.036250107E1,4.268822937E0
1.413685717E1,-1.450783081E0,-1.023092468E1,4.521946564E0
1.415687817E1,-1.404828644E0,-1.043510010E1,4.770878906E0
1.417689817E1,-5.677693176E-1,-1.013961456E1,4.628375244E0
1.419691917E1,-4.475692749E-1,-9.934241638E0,4.353995819E0
1.421693917E1,-4.649331665E-1,-9.997260590E0,4.614903259E0
1.423695917E1,-3.441343689E-1,-1.000818787E1,4.795128479E0
1.425698017E1,-1.535806274E-1,-9.417366486E0,4.953648834E0
1.427700017E1,-1.523831177E-1,-8.987460480E0,5.319338379E0
1.429702117E1,2.335144043E-2,-8.846753082E0,5.356760559E0
1.431704117E1,-2.619552612E-2,-8.707692261E0,5.185366974E0
1.433706217E1,-2.782713318E-1,-8.384963379E0,5.112618256E0
1.435708217E1,-9.669891357E-1,-8.387059021E0,4.847369843E0
1.437710317E1,-1.417402496E0,-7.817343750E0,4.212539978E0
1.439712317E1,-1.790875854E0,-7.073839874E0,4.338278503E0
1.441714317E1,-1.943258972E0,-7.379504242E0,4.294719086E0
1.443716417E1,-1.730102234E0,-7.780370636E0,4.033362579E0
1.445718417E1,-1.721719666E0,-6.792125702E0,3.633693695E0
1.447720517E1,-1.646126862E0,-5.280868378E0,4.171225891E0
1.449722517E1,-1.038540344E0,-4.993466034E0,3.657793579E0
1.451724617E1,-1.106199646E0,-5.317242737E0,2.642904053E0
1.453726617E1,-1.817670135E0,-5.874982910E0,2.239642639E0
1.455728617E1,-1.779948578E0,-5.692512360E0,3.081042938E0
1.457730717E1,-1.229393463E0,-5.183421021E0,3.445235596E0
1.459732717E1,-6.542893982E-1,-4.737947388E0,2.621797943E0
1.461734817E1,-5.165757751E-1,-4.886139221E0,2.585273895E0
1.463736817E1,-1.159339142E0,-5.572162628E0,2.968626709E0
1.465738917E1,-2.539618835E0,-5.834417267E0,2.533182220E0
1.467740917E1,-3.237617340E0,-5.427862701E0,2.563269653E0
1.469742917E1,-2.782863007E0,-4.545747070E0,3.868255920E0
1.471745017E1,-1.854194183E0,-4.003724213E0,3.269051971E0
1.473747017E1,-1.270108795E0,-2.910697174E0,2.426304474E0
1.475749117E1,-5.486091614E-1,-2.151326294E0,3.560795288E0
1.477751117E1,-4.073030090E-1,-2.710862732E0,3.563190308E0
1.479753217E1,-3.860472107E-1,-4.340074768E0,3.032543793E0
1.481755217E1,-9.021739197E-1,-5.407654724E0,3.205284576E0
1.483757217E1,-1.097068634E0,-5.624104614E0,3.339106293E0
1.485759317E1,-6.900650024E-1,-5.616171112E0,3.025658112E0
1.487761317E1,-5.954617310E-1,-6.372548218E0,2.747386780E0
1.489763417E1,-1.008303223E0,-7.195087738E0,2.946323090E0
1.491765417E1,-1.565294952E0,-7.550299072E0,2.956202545E0
1.493767517E1,-1.668729858E0,-7.645501099E0,2.959645386E0
1.495769517E1,-1.849104767E0,-8.142018585E0,2.645598450E0
1.497771617E1,-1.992057495E0,-8.574918365E0,2.804567871E0
1.499773617E1,-1.332229614E0,-7.441924438E0,3.615731049E0
1.501775617E1,-1.519639893E0,-7.835156708E0,2.654729462E0
1.503777717E1,-1.005010071E0,-9.083261261E0,3.349285126E0
1.505779717E1,-3.716770935E-1,-8.768465881E0,4.057013397E0
1.507781817E1,-1.344803467E0,-8.212971039E0,3.269351349E0
1.509783817E1,-2.940784607E0,-8.600664825E0,3.413202209E0
1.511785917E1,-3.827690277E0,-9.358688507E0,3.266207886E0
1.513787917E1,-3.866309967E0,-9.670490112E0,4.133055267E0
1.515789917E1,-3.750750275E0,-9.207203522E0,4.024231567E0
1.517792017E1,-3.863914948E0,-9.089099121E0,3.357068939E0
1.519794017E1,-3.533851318E0,-9.460776215E0,3.821103973E0
1.521796117E1,-2.785856781E0,-9.601034546E0,3.807631989E0
1.523798117E1,-2.319875793E0,-9.737700348E0,4.068389740E0
1.525800117E1,-3.457809448E0,-1.002465363E1,3.654650116E0
1.527802217E1,-3.487597504E0,-9.944420471E0,3.789669342E0
1.529804217E1,-2.272574158E0,-1.009231293E1,4.180955658E0
1.531806317E1,-1.118174744E0,-1.034932846E1,3.737577667E0
1.533808317E1,-1.092577972E0,-1.006566833E1,3.209625549E0
1.535810417E1,-1.500779114E0,-9.301357727E0,2.646945648E0
1.537812417E1,-1.358574829E0,-8.732690277E0,2.575843506E0
1.539814417E1,-5.043013000E-1,-8.684640198E0,2.983595581E0
1.541816517E1,-4.909790039E-2,-8.709189148E0,3.015179901E0
1.543818517E1,-2.038760376E-1,-8.379873962E0,2.440075836E0
1.545820617E1,-7.926017761E-1,-7.955506439E0,1.895657959E0
1.547822617E1,-1.400038605E0,-7.748636627E0,1.611399078E0
1.549824717E1,-1.143472137E0,-7.267537079E0,1.862127686E0
1.551826717E1,-9.407936096E-1,-6.375691681E0,2.405647430E0
1.553828717E1,-1.008602600E0,-4.987628174E0,2.634521484E0
1.555830817E1,-1.495989075E0,-3.112178192E0,2.724035339E0
1.557832817E1,-1.983076172E0,-1.258283386E0,2.629881134E0
1.559834917E1,-2.135159912E0,1.805245972E-1,1.901046753E0
1.561836917E1,-6.200106812E-1,-2.542313232E0,1.661844177E0
1.563839017E1,-9.093589783E-1,-8.790470123E0,1.676064606E0
1.565841017E1,-1.171912994E0,-2.389705582E1,2.024390259E0
1.567843017E1,8.626560974E-1,-3.946378464E1,2.185305634E0
1.569845117E1,-3.786525879E0,-3.228441422E1,6.827152863E0
1.571847142E1,-1.115630035E0,-2.168450684E1,7.760611725E0
1.573849242E1,-1.782044220E0,-1.763572632E1,9.419462128E0
1.575851242E1,-1.496138763E0,-1.487172409E1,7.129524078E0
1.577853342E1,-1.890718231E0,-1.524639496E1,6.328839111E0
1.579855342E1,7.559280396E-1,-1.618988297E1,7.007078705E0
1.581857342E1,6.783892822E-1,-1.387404877E1,5.531447296E0
1.583859442E1,7.994874573E-1,-9.790989532E0,3.101550293E0
1.585861442E1,5.974076843E-1,-6.797215118E0,3.552113342E-1
1.587863542E1,1.478924561E-1,-5.293591919E0,-8.590635681E-1
1.589865542E1,9.145980835E-2,-5.462590485E0,-4.629872131E-1
1.591867542E1,-2.374063110E-1,-6.520290985E0,6.291416931E-1
1.593869642E1,1.836680603E-1,-7.141648865E0,1.017134857E0
1.595871642E1,9.804611206E-1,-6.873107300E0,5.676196289E-1
1.597873742E1,1.779649200E0,-5.921236725E0,-2.888992310E-2
1.599875742E1,2.465223541E0,-4.918771362E0,-1.691482544E-1
1.601877842E1,3.070564728E0,-4.563110962E0,-4.403842163E-1
1.603879842E1,2.096689911E0,-4.780758362E0,-6.331832886E-2
1.605881842E1,1.966760101E0,-5.855822754E0,8.690927124E-1
1.607883942E1,-1.459764404E0,-9.214089203E0,3.699856110E0
1.609885942E1,-8.664881287E0,-1.797267563E1,6.727909241E0
1.611888042E1,-3.996838531E0,-2.087528961E1,3.573069763E-1
1.613890042E1,-1.503772888E0,-1.304507263E1,-5.252577209E0
1.615892042E1,5.523513794E-2,-9.779613190E0,-2.918331299E0
1.617894142E1,3.051254883E0,-1.000519409E1,-7.420069885E-1
1.619896142E1,2.812351685E0,-1.003737717E1,2.853815460E0
1.621898242E1,2.197879486E0,-9.130862274E0,2.313439178E0
1.623900242E1,3.872596893E0,-1.082264420E1,-1.633103943E-1
1.625902342E1,-2.216889954E-1,-1.041713745E1,-1.176852722E0
1.627904342E1,-1.463057556E0,-8.560697937E0,-3.692820740E-1
1.629906342E1,-6.538403320E-1,-6.751110992E0,8.632548523E-1
1.631908442E1,9.891430664E-1,-7.349416809E0,5.388793945E-1
1.633910442E1,2.666255493E0,-9.663754120E0,6.468049622E-1
1.635912542E1,4.760700073E0,-1.015443375E1,-9.385482788E-2
1.637914542E1,6.313570862E0,-8.901688843E0,-1.257385254E-2
1.639916542E1,6.051166534E0,-8.557853851E0,-1.082698517E0
1.641918642E1,4.795727234E0,-9.307045898E0,-2.037113800E0
1.643920642E1,2.340233459E0,-1.129910339E1,-2.962788849E0
1.645922742E1,-1.098415833E0,-1.133173553E1,-2.747386780E0
1.647924742E1,-2.782413940E0,-9.658964081E0,-6.581813049E-1
1.649926842E1,-1.287023621E0,-8.609197083E0,6.385720825E-1
1.651928842E1,9.780661011E-1,-9.457333374E0,7.794291687E-1
1.653930842E1,1.555415497E0,-9.761051788E0,-2.484832764E-1
1.655932942E1,2.280357971E0,-9.813891907E0,-1.116827545E0
1.657934942E1,6.133345642E0,-1.044572800E1,-3.175047455E0
1.659937042E1,6.768325195E0,-9.721833344E0,-4.087549896E0
1.661939042E1,4.688999176E0,-7.641758881E0,-3.727249146E0
1.663941042E1,4.596641235E0,-9.430090027E0,-2.987786865E0
1.665943142E1,3.130889282E0,-1.074944641E1,-1.059047699E0
1.667945142E1,1.403032379E0,-1.033899994E1,8.720864868E-1
1.669947242E1,-2.294728088E-1,-1.067909271E1,2.269730072E0
1.671949208E1,-1.209035797E0,-9.580527191E0,2.230062561E0
1.673951208E1,-1.211281128E0,-9.830507355E0,7.894583130E-1
1.675953308E1,9.131011963E-3,-1.030576904E1,-7.719447327E-1
1.677955308E1,1.487157440E0,-1.070483917E1,-1.584754486E0
1.679957408E1,3.516637115E0,-8.959768066E0,-1.939965820E0
1.681959408E1,2.690505066E0,-9.050030365E0,-1.038989410E0
1.683961508E1,-2.404000854E-1,-9.459728394E0,1.772314453E-1
1.685963508E1,-3.414399719E-1,-9.245224457E0,8.723858643E-1
1.687965508E1,8.484356689E-1,-9.424850922E0,1.588347015E0
1.689967608E1,3.547622681E-1,-9.711804199E0,4.457730103E-1
1.691969608E1,-1.483564911E0,-1.125943588E1,1.134640503E-1
1.693971708E1,-1.062041473E0,-9.408235474E0,-2.749781799E-1
1.695973708E1,-8.634045410E-1,-1.161240189E1,6.798861694E-1
1.697975708E1,5.682782593E0,-8.688083038E0,3.341052246E-1
1.699977808E1,8.867859192E0,-1.076426559E1,1.555864563E0
1.701979808E1,7.895032196E0,-9.790989532E0,3.453019409E0
1.703981908E1,6.458768921E0,-1.046878006E1,5.003345490E0
1.705983908E1,5.316643982E0,-1.238584351E1,5.205125885E0
1.707985908E1,3.681743774E0,-1.219543945E1,2.620750122E0
1.709988008E1,-1.533710632E0,-8.859776001E0,3.625460815E-1
1.711990008E1,-6.630611572E0,-9.825268250E0,-1.869312744E0
1.713992108E1,-2.362836456E0,-9.352102203E0,-1.934127960E0
1.715994108E1,2.146386566E0,-5.782624969E0,-3.817062378E0
1.717996108E1,1.480421448E0,-6.910978546E0,-3.938160553E0
1.719998208E1,-2.808310089E0,-6.344406738E0,-2.337239685E0
1.722000208E1,-5.645959167E0,-1.269031036E1,5.798941040E-1
1.724002308E1,-2.956202545E0,-1.215008377E1,1.471739502E0
1.726004308E1,-9.880952454E-1,-1.079555054E1,1.606309662E0
1.728006308E1,1.800156555E0,-8.036937103E0,7.858657837E-1
1.730008408E1,6.444548492E0,-8.480015717E0,3.947291565E0
1.732010408E1,8.143365784E0,-1.316647018E1,9.117839355E0
1.734012508E1,4.928501129E0,-1.287412811E1,5.713917847E0
1.736014508E1,-4.577481079E-1,-1.245529907E1,3.387455750E0
1.738016508E1,-5.306315460E0,-1.269914200E1,3.342998199E0
1.740018608E1,-6.712191925E0,-1.453148163E1,3.116369476E0
1.742020608E1,-6.159840546E0,-1.554936493E1,2.392923889E0
1.744022708E1,-5.258415070E0,-1.357242599E1,2.070344696E0
1.746024708E1,-1.586700439E-1,-1.414827850E1,1.636546783E0
1.748026808E1,3.506458282E0,-1.670241714E1,3.247496796E0
1.750028808E1,-2.523751831E-1,-1.369681732E1,2.607427826E0
1.752030808E1,-3.511697388E-1,-1.195788345E1,4.234693909E-1
1.754032908E1,2.712359619E-1,-9.652078400E0,-4.604425049E-1
1.756034908E1,3.005749512E-1,-7.091054077E0,1.766027527E0
1.758037008E1,-4.293072510E0,-9.079668732E0,2.980302429E0
1.760039008E1,-5.401218109E0,-8.013286285E0,2.988535309E0
1.762041008E1,-2.404749298E0,-1.103355560E1,2.286644897E0
1.764043108E1,-2.274220734E0,-6.649472351E0,1.691183167E0
1.766045108E1,-1.338217163E0,-8.127349091E0,5.195695496E-1
1.768047208E1,-5.614075470E0,-7.073390808E0,-1.462009735E0
1.770049208E1,-6.617438965E0,-4.468657379E0,6.755451965E-1
1.772051217E1,-5.852828979E-1,-5.587281189E0,6.174959106E0
1.774053317E1,-3.409909058E-1,-2.265089722E0,6.271957397E0
1.776055317E1,-2.269131317E0,-1.001118164E0,7.151977386E0
1.778057417E1,-1.922452240E0,-3.012036438E0,8.315956879E0
1.780059417E1,-3.462749176E0,-3.797902222E0,1.231983078E1
1.782061417E1,-5.949378204E0,-2.454595642E0,9.345066833E0
1.784063517E1,-6.182293854E0,-3.375330963E0,1.106708588E1
1.786065517E1,-6.274801483E0,-2.614313507E0,9.487570496E0
1.788067617E1,-6.769223328E0,-2.689906311E0,8.682694244E0
1.790069617E1,-6.285728760E0,-3.157384186E0,9.894274750E0
1.792071617E1,-6.282585297E0,-4.045936432E0,1.028810577E1
1.794073717E1,-4.865033112E0,-4.141437836E0,1.069989944E1
1.796075717E1,-3.729045410E0,-4.756359100E0,9.704469452E0
1.798077817E1,-3.116818542E0,-5.648204498E0,9.287137299E0
1.800079817E1,-2.666854248E0,-6.257138214E0,8.875343628E0
1.802081817E1,-9.123527527E-1,-5.896089020E0,7.490722961E0
1.804083917E1,1.042581940E0,-5.532345428E0,7.254214783E0
1.806085917E1,2.200274506E0,-5.289999390E0,6.620732117E0
1.808087917E1,3.463198242E0,-5.035378876E0,6.196214905E0
1.810090017E1,5.017416229E0,-6.772666168E0,9.471404114E0
1.812092017E1,5.470523987E0,-4.781806183E0,9.013656006E0
1.814094117E1,4.262685699E0,-4.845573578E0,6.453380127E0
1.816096117E1,2.451601868E0,-4.772824860E0,5.607788544E0
1.818098117E1,7.789801025E-1,-3.960913239E0,7.045698395E0
1.820100217E1,6.330335999E-1,-2.642904053E0,7.926466827E0
1.822102217E1,6.144721985E-1,-2.525997162E0,8.778345337E0
1.824104317E1,1.406774597E0,-1.880838776E0,8.573271790E0
1.826106317E1,1.408870239E0,-1.827100525E0,8.185578003E0
1.828108317E1,1.526824951E0,-1.830243988E0,8.750503235E0
1.830110417E1,2.064357147E0,-1.847158813E0,8.698860626E0
1.832112417E1,1.642684021E0,-1.892065430E0,8.301437073E0
1.834114517E1,7.611671448E-1,-1.585802307E0,9.129814453E0
1.836116517E1,1.193168793E0,-1.072819061E0,8.843459930E0
1.838118517E1,9.842033386E-1,-1.177002411E0,7.256011047E0
1.840120617E1,1.028211823E0,-1.238225098E0,8.820258179E0
1.842122617E1,1.493294678E0,-1.077459412E0,1.022269180E1
1.844124717E1,1.501677246E0,-9.789642334E-1,1.016790573E1