"Time (s)","X (rad/s)","Y (rad/s)","Z (rad/s)"
1.248250017E-2,-5.103506893E-2,1.038119867E-1,1.034510229E-2
2.248950000E-2,-1.337360740E-1,2.228331864E-1,1.194074079E-1
3.249650006E-2,-2.399605811E-1,1.615053415E-1,2.528367639E-1
6.250450013E-2,-3.257324696E-1,1.189946383E-1,3.426790237E-1
8.250450013E-2,-3.830135167E-1,6.760307401E-2,3.046111763E-1
1.025045001E-1,-3.835217655E-1,-2.075548470E-2,1.594619900E-1
1.225045001E-1,-4.519200027E-1,6.039220467E-2,5.080545321E-2
1.425045001E-1,-6.135437489E-1,-8.541941643E-3,6.719711423E-2
1.625045001E-1,-6.827393174E-1,-1.063043550E-1,1.151027083E-1
1.825045001E-1,-6.535416842E-1,-1.637433320E-1,1.938974410E-1
2.025045001E-1,-6.383053660E-1,-1.202114597E-1,3.024443686E-1
2.225045001E-1,-6.585289836E-1,-1.091296300E-1,3.777034581E-1
2.425045001E-1,-5.665183663E-1,-1.925303489E-1,3.390049040E-1
2.625045001E-1,-4.558972716E-1,-3.074656725E-1,2.589590549E-1
2.825045001E-1,-5.174667239E-1,-3.389540911E-1,3.248698115E-1
3.025045001E-1,-6.704908013E-1,-2.064825892E-1,5.370410085E-1
3.225045001E-1,-7.996891737E-1,-2.974374220E-4,7.157794237E-1
3.425045001E-1,-1.003385186E0,2.142133862E-1,7.285420895E-1
3.625045001E-1,-1.269472718E0,5.024737120E-1,6.692460179E-1
3.825045001E-1,-1.529699326E0,4.486882687E-1,3.116595745E-1
4.025045001E-1,-1.593064070E0,4.290542603E-1,7.327262312E-2
4.225045001E-1,-1.644582272E0,6.749772429E-1,2.934062779E-1
4.425045001E-1,-1.684402704E0,1.324043632E0,6.061790586E-1
4.625045001E-1,-1.708603621E0,1.732442737E0,7.728942037E-1
4.825045001E-1,-1.816888571E0,1.708684802E0,1.052855730E0
5.025045001E-1,-1.858500838E0,1.274344444E0,1.306755543E0
5.225045001E-1,-2.018578529E0,8.764143586E-1,1.309664965E0
5.425045001E-1,-2.395787716E0,5.692700744E-1,1.281495333E0
5.625045001E-1,-2.789556265E0,4.279013276E-1,1.337614059E0
5.825045001E-1,-3.057041168E0,5.304887891E-1,1.347580194E0
6.025045001E-1,-3.455308437E0,9.150760770E-1,1.348769307E0
6.225045001E-1,-3.874651670E0,7.452284098E-1,1.498004317E0
6.425045001E-1,-2.786987066E0,1.681114674E0,1.404267550E0
6.625045001E-1,6.078781486E-1,4.382815838E0,8.293353915E-1
6.825045001E-1,8.918088675E-1,3.882110119E0,1.124354124E0
7.025045001E-1,-9.321006536E-1,3.317453623E0,1.085133314E0
7.225045001E-1,-1.647176266E0,3.282912731E0,5.893789530E-1
7.425045001E-1,-1.305473089E0,3.222329855E0,4.757680893E-1
7.625045001E-1,-9.389761090E-1,2.880064487E0,5.802597404E-1
7.825045001E-1,-5.297744274E-1,2.583205223E0,4.942480922E-1
8.025045001E-1,-2.843294740E-1,2.445229769E0,3.912792802E-1
8.225045001E-1,-2.445635647E-1,2.227494001E0,5.665553212E-1
8.425045001E-1,2.531757206E-2,1.825827241E0,8.728660345E-1
8.625045001E-1,2.744496763E-1,1.198687077E0,9.936770201E-1
8.825045001E-1,3.708301485E-1,3.694047630E-1,6.500588655E-1
9.025045001E-1,2.834064662E-1,-3.681126833E-1,-2.947240472E-1
9.225045001E-1,1.316933632E-1,-1.183291674E0,-5.728022456E-1
9.425045001E-1,2.836214900E-1,-1.564758182E0,-2.674719393E-1
9.625045001E-1,3.385587931E-1,-1.399881005E0,1.021295190E-1
9.825045001E-1,2.460036725E-1,-1.374913692E0,4.108771384E-1
1.002504500E0,3.666648269E-2,-1.515793204E0,5.161095858E-1
1.022504500E0,-4.323565960E-1,-1.696356535E0,6.880176067E-1
1.042504500E0,-1.143912315E0,-2.184712648E0,7.469674945E-1
1.062504500E0,-1.739358187E0,-2.521417856E0,8.490953445E-1
1.082504500E0,-1.692927361E0,-2.346607685E0,8.738089204E-1
1.102504500E0,-1.296595335E0,-1.830016375E0,8.133391738E-1
1.122504500E0,-9.648228288E-1,-1.271283031E0,8.562163711E-1
1.142504500E0,-7.076086402E-1,-7.440988421E-1,8.604649901E-1
1.162504500E0,-4.485435188E-1,8.737742901E-2,7.247724533E-1
1.182504500E0,-3.543550074E-1,8.768553138E-1,3.503028750E-1
1.202504500E0,-5.257352591E-1,9.517158270E-1,-1.906936318E-1
1.222504500E0,-6.516111493E-1,8.760658503E-1,-8.509362340E-1
1.242504500E0,-6.428834796E-1,6.775620580E-1,-1.444861650E0
1.262504500E0,-6.104575396E-1,1.697909832E-1,-2.140927315E0
1.282504500E0,-5.953731537E-1,-5.485525131E-1,-2.778263330E0
1.302504500E0,-6.312972903E-1,-1.086981773E0,-3.082602501E0
1.322504500E0,-1.169707060E0,-1.105570793E0,-2.493346214E0
1.342504500E0,-1.662927747E0,-1.469293833E0,-1.604461312E0
1.362504500E0,-1.871793032E0,-1.595768690E0,-1.264359713E0
1.382504500E0,-2.136515617E0,-2.010108709E0,-1.367749572E0
1.402504500E0,-2.623566866E0,-1.769907713E0,-1.514615774E0
1.422504500E0,-2.961389780E0,-4.690355659E-1,-1.156841040E0
1.442504500E0,-2.884461164E0,2.115869969E-1,-1.119695425E0
1.462504500E0,-2.549462318E0,-6.141921878E-2,-1.626838446E0
1.482504500E0,-2.561646223E0,5.893120766E-1,-2.373919249E0
1.502504500E0,-2.642385483E0,1.628427982E0,-2.896197796E0
1.522504500E0,-1.273623466E0,4.518669605E0,-3.137959957E0
1.542504500E0,9.948905706E-1,6.368018627E0,-2.502755642E0
1.562504500E0,8.270649314E-1,4.205719948E0,-2.543721199E0
1.582504500E0,-3.277552426E-1,1.387516022E0,-3.453113079E0
1.602504500E0,-9.002324939E-1,9.058549404E-1,-4.026933670E0
1.622504500E0,-7.256473899E-1,-4.879003465E-1,-4.343845367E0
1.642504500E0,5.328109264E-1,-4.423295856E-1,-4.421171188E0
1.662504500E0,1.416790128E0,8.007315993E-1,-3.253317833E0
1.682504500E0,1.099489093E0,6.196885705E-1,-6.515091658E-1
1.702504500E0,5.291436911E-1,-1.311780065E-1,6.212691665E-1
1.722504500E0,1.902593076E-1,-7.665753961E-1,5.663301349E-1
1.742504500E0,1.293274611E-1,-9.214857221E-1,2.446598262E-1
1.762504500E0,7.613358647E-2,-6.790204644E-1,-5.934592336E-4
1.782504500E0,3.551406320E-3,-1.816105992E-1,-1.139045581E-1
1.802504500E0,3.328121826E-2,5.718671083E-1,-4.171418026E-2
1.822504500E0,8.122055978E-2,1.447958231E0,4.165116847E-1
1.842504500E0,8.602903783E-2,1.691373110E0,4.939246774E-1
1.862504500E0,5.480202287E-2,1.481980085E0,5.187931657E-1
1.882504500E0,1.483687162E-1,1.205845594E0,4.334877431E-1
1.902504500E0,3.928231299E-1,9.052467942E-1,3.514236212E-1
1.922504500E0,3.258859813E-1,7.748721838E-1,4.351871014E-1
1.942504500E0,8.857294172E-2,8.050545454E-1,6.213880777E-1
1.962504500E0,1.061794609E-1,9.884631634E-1,7.677732110E-1
1.982504500E0,3.489351869E-1,1.003627181E0,7.180818915E-1
2.002504500E0,3.632498980E-1,7.795709372E-1,5.185753703E-1
2.022504500E0,1.243194789E-1,4.003247917E-1,4.727060199E-1
2.042504500E0,3.138500080E-2,3.722103536E-1,6.521293521E-1
2.062504500E0,1.616614908E-1,7.202185988E-1,6.794385314E-1
2.082504500E0,1.107631475E-1,7.408100367E-1,5.299372673E-1
2.102504500E0,-3.070279583E-2,3.817173243E-1,3.848846257E-1
2.122504500E0,1.330213845E-1,3.396843374E-1,3.470759988E-1
2.142504500E0,1.137936637E-1,4.387787580E-1,3.403400779E-1
2.162504500E0,-2.278576642E-1,3.139792979E-1,2.608902156E-1
2.182504500E0,-3.114924133E-1,2.876276374E-1,2.325733006E-1
2.202504500E0,-6.025900692E-2,4.007236362E-1,3.902386129E-1
2.222504500E0,9.621311724E-2,4.155889452E-1,3.590573668E-1
2.242504500E0,-1.922222525E-1,4.781296849E-2,1.421213597E-1
2.262504500E0,-3.031345308E-1,-1.451588124E-1,2.107035741E-2
2.282504500E0,-1.123861745E-1,-2.156995088E-1,-1.167134270E-1
2.302504500E0,1.690484025E-2,-2.118409425E-1,-2.717917264E-1
2.322504500E0,-7.688946277E-2,-1.767001301E-1,-3.516027033E-1
2.342504500E0,-2.278320789E-1,-1.557416320E-1,-4.520274997E-1
2.362504500E0,-2.216008008E-1,-1.084469855E-1,-5.565020442E-1
2.382504500E0,-1.415030807E-1,-5.540752783E-2,-6.188684702E-1
2.402504500E0,-1.345508099E-1,-7.965148985E-2,-6.645974517E-1
2.422504500E0,-1.412695199E-1,-9.293279797E-2,-6.924210191E-1
2.442504500E0,-1.460773051E-1,-6.766968220E-2,-7.094759941E-1
2.462504500E0,-1.645984799E-1,2.053800039E-2,-7.470766306E-1
2.482504500E0,-1.833764017E-1,1.434614956E-1,-7.909337878E-1
2.502504500E0,-1.762378067E-1,2.471734881E-1,-8.051875830E-1
2.522504500E0,-1.943218559E-1,2.855529189E-1,-7.676148415E-1
2.542504500E0,-2.268340588E-1,2.847869396E-1,-7.183730006E-1
2.562504500E0,-2.061884254E-1,2.877495587E-1,-7.130387425E-1
2.582504500E0,-1.572919935E-1,2.881068289E-1,-7.250120044E-1
2.602504500E0,-1.258210987E-1,2.310489416E-1,-7.302810550E-1
2.622504500E0,-1.076474488E-1,1.439280510E-1,-7.450076938E-1
2.642504500E0,-1.150545403E-1,5.361705087E-3,-7.090404630E-1
2.662504500E0,-1.540359557E-1,1.590252481E-2,-6.360946298E-1
2.682504500E0,-8.571716398E-2,2.367016077E-1,-7.497733831E-1
2.702504500E0,2.633786015E-2,1.285411268E-1,-9.543733597E-1
2.722504500E0,1.449591368E-1,-2.899931669E-1,-1.242769837E0
2.742504500E0,3.805350661E-1,-6.654928327E-1,-1.610934258E0
2.762504500E0,4.776202142E-1,-9.047069550E-1,-1.763929725E0
2.782504500E0,4.241474867E-1,-7.666779757E-1,-1.722016096E0
2.802504500E0,3.207286596E-1,-4.159406722E-1,-1.639366865E0
2.822504500E0,1.880059540E-1,-2.477619648E-1,-1.596837401E0
2.842504500E0,9.836872667E-2,-3.176415563E-1,-1.666666389E0
2.862504500E0,1.722876728E-1,-4.793406725E-1,-1.764210701E0
2.882504500E0,3.295948803E-1,-6.373938918E-1,-1.780392170E0
2.902504500E0,3.221338093E-1,-8.357179761E-1,-1.610652566E0
2.922504500E0,2.494527847E-1,-1.401211977E0,-1.369290113E0
2.942504500E0,7.577758282E-2,-1.931675673E0,-1.332315683E0
2.962504500E0,-1.039461121E-1,-1.796764731E0,-1.473543882E0
2.982504500E0,-2.666307092E-1,-9.960035086E-1,-1.569185615E0
3.002504500E0,-3.058782816E-1,-4.892906249E-1,-1.589573860E0
3.022504500E0,-3.269611895E-1,-1.684794724E-1,-1.478314519E0
3.042504500E0,-5.495017171E-1,-1.899353117E-1,-1.042969227E0
3.062504500E0,-9.357094765E-1,-1.311395764E-1,-4.863629639E-1
3.082504500E0,-1.218922973E0,7.798303664E-2,-3.552775979E-1
3.102504500E0,-1.339135885E0,3.313028812E-1,-3.004717231E-1
3.122504500E0,-1.382939219E0,4.751645029E-1,-1.717705131E-1
3.142504500E0,-1.395372152E0,2.466934621E-1,-4.073841497E-2
3.162504500E0,-1.416380644E0,-2.307848185E-1,4.197246209E-2
3.182504500E0,-1.474097729E0,-4.851467311E-1,4.065843672E-2
3.202504500E0,-1.620991826E0,-3.384888768E-1,6.701564416E-6
3.222504500E0,-1.668402195E0,-1.972498186E-2,-2.489660122E-2
3.242504500E0,-1.486645341E0,1.082705706E-1,5.473637022E-3
3.262504500E0,-1.255561352E0,-2.555206418E-2,-6.804256886E-2
3.282504500E0,-1.010658026E0,-3.518297076E-1,-2.722555697E-1
3.302504500E0,-7.800440788E-1,-7.229594588E-1,-4.516154528E-1
3.322504500E0,-5.790557265E-1,-9.161273241E-1,-5.701087117E-1
3.342504500E0,-3.647730947E-1,-1.016096234E0,-5.250391960E-1
3.362504500E0,-2.316201031E-1,-8.173242211E-1,-4.138642550E-1
3.382504500E0,-1.700043976E-1,-4.305942357E-1,-1.871827245E-1
3.402504500E0,-1.324107945E-1,-4.751404747E-2,1.832497120E-1
3.422504500E0,-1.164280698E-1,2.241958529E-1,1.748553216E-1
3.442504500E0,-9.275989980E-2,3.110472262E-1,1.978730708E-1
3.462504500E0,-3.823110089E-2,3.468454778E-1,2.712364793E-1
3.482504500E0,-2.956036711E-3,3.805896044E-1,2.713146210E-1
3.502504500E0,8.090545423E-3,3.935114741E-1,2.443926334E-1
3.522504500E0,-2.783566900E-2,3.926132917E-1,2.090221047E-1
3.542504500E0,-1.908491850E-1,3.656883836E-1,1.131246462E-1
3.562504500E0,-3.859614730E-1,2.965883315E-1,-2.631553262E-2
3.582504500E0,-5.889856219E-1,3.009873629E-1,-2.122797370E-1
3.602504500E0,-5.711250901E-1,2.189956903E-1,-2.632259429E-1
3.622504500E0,-4.527816176E-1,-2.274515480E-2,-3.065925837E-1
3.642504500E0,-3.564846814E-1,-3.588918149E-1,-2.787846625E-1
3.662504500E0,-3.446500301E-1,-5.810025334E-1,-2.851765454E-1
3.682504500E0,-4.516400099E-1,-7.494438887E-1,-4.564411640E-1
3.702504500E0,-5.718999505E-1,-9.064916372E-1,-5.366588831E-1
3.722504500E0,-6.517120600E-1,-9.878745079E-1,-5.653250217E-1
3.742504500E0,-6.961815357E-1,-8.777945042E-1,-6.027418375E-1
3.762504500E0,-7.677969933E-1,-5.091348290E-1,-5.948495865E-1
3.782504500E0,-8.718201518E-1,-3.023066558E-2,-6.014285684E-1
3.802504500E0,-9.328098893E-1,3.569000661E-1,-6.119133830E-1
3.822504500E0,-9.783934355E-1,5.975401998E-1,-6.310039163E-1
3.842504500E0,-9.618805051E-1,8.082509041E-1,-5.743201971E-1
3.862504500E0,-9.610053301E-1,9.946473241E-1,-4.408647716E-1
3.882504500E0,-9.526922107E-1,9.037334323E-1,-2.858519554E-1
3.902504500E0,-7.763246894E-1,4.308358431E-1,-1.350794584E-1
3.922504500E0,-4.225465059E-1,1.205435619E-1,6.676101685E-2
3.942504500E0,-8.439122140E-2,4.852055013E-1,7.611621171E-2
3.962504500E0,3.266753629E-2,9.949633479E-1,-2.083165199E-2
3.982504500E0,8.181709051E-2,9.072776437E-1,-5.541532859E-2
4.002504500E0,1.023294032E-1,2.827789783E-1,-1.437992007E-1
4.022504500E0,1.568974704E-1,-4.908945560E-1,-2.209393978E-1
4.042504500E0,1.600654125E-1,-9.303302765E-1,-2.755156755E-1
4.062504500E0,9.007605910E-2,-9.924679995E-1,-3.187863231E-1
4.082504500E0,-3.725107387E-2,-8.904520273E-1,-3.632644713E-1
4.102504500E0,-1.574429870E-1,-8.893629313E-1,-4.231896400E-1
4.122504500E0,-2.397879958E-1,-1.047559023E0,-4.461129010E-1
4.142504500E0,-2.650366426E-1,-1.025045156E0,-3.743702471E-1
4.162504500E0,-2.190129757E-1,-4.764394164E-1,-2.643821239E-1
4.182504500E0,-7.954176515E-2,2.123169601E-1,-1.313063353E-1
4.202504500E0,1.608834565E-1,5.544558764E-1,-3.377325088E-2
4.222504500E0,4.932025671E-1,4.490595162E-1,6.159604713E-2
4.242504500E0,8.154348135E-1,2.654613256E-1,1.431049854E-1
4.262504500E0,9.137898684E-1,4.001028836E-1,6.058392674E-2
4.282504500E0,8.021914959E-1,7.736625671E-1,-1.603879929E-1
4.302504500E0,6.529272795E-1,8.623281121E-1,-4.386906624E-1
4.322504500E0,4.575208724E-1,6.701700687E-1,-8.167223334E-1
4.342504500E0,2.912015021E-1,2.754482627E-1,-1.247980118E0
4.362504500E0,1.721505821E-1,-1.039976254E-1,-1.562297344E0
4.382504500E0,8.018639684E-2,-3.906263411E-1,-1.629512072E0
4.402504500E0,-4.056453332E-2,-7.336427569E-1,-1.419042468E0
4.422504500E0,-1.580611169E-1,-2.342873335E0,-1.180999875E0
4.442504500E0,-2.012060583E-2,-3.866253853E0,-9.035897255E-1
4.462504500E0,3.871287704E-1,-3.679732323E0,-3.886794746E-1
4.482504500E0,9.022027850E-1,-2.739632845E0,1.071690768E-1
4.502504500E0,1.065433264E0,-1.706043482E0,5.988038704E-2
4.522504500E0,8.738790154E-1,-8.149801493E-1,4.671218619E-2
4.542504500E0,1.205161139E-1,-4.518050849E-1,7.779249921E-3
4.562504500E0,-5.885857940E-1,-4.842386246E-1,1.548156887E-1
4.582504500E0,-8.608712554E-1,-7.105936408E-1,4.977200627E-1
4.602504500E0,-8.238696456E-1,-8.774058223E-1,1.523429304E-1
4.622504500E0,-3.644369841E-1,-7.943726778E-1,-2.358249873E-1
4.642504500E0,1.982428730E-1,-6.171365082E-2,-1.422929019E-1
4.662504500E0,5.783057809E-1,6.941135526E-1,-7.326749619E-3
4.682504500E0,6.236410737E-1,3.192631006E-1,-1.313500479E-2
4.702504500E0,3.277492821E-1,-1.078581572E0,-1.187758986E-2
4.722504500E0,-1.524392813E-1,-2.539421082E0,3.533720598E-2
4.742504500E0,-4.554505050E-1,-3.053458452E0,-3.461060114E-3
4.762504500E0,-2.992774248E-1,-2.522618532E0,-3.325769007E-1
4.782504500E0,1.231973097E-1,-1.071711063E0,-8.292518854E-1
4.802504500E0,2.720702589E-1,7.447552085E-1,-9.184802771E-1
4.822504500E0,-2.711463571E-1,1.480505228E0,-2.526841462E-1
4.842504500E0,-9.317849278E-1,1.776885748E0,2.592601776E-1
4.862504500E0,-8.827673197E-1,1.377904177E0,4.837761819E-1
4.882504500E0,-5.096442699E-1,1.048108101E0,2.256260216E-1
4.902504500E0,-4.029699787E-2,9.291095734E-1,-1.769565940E-1
4.922504500E0,3.090867102E-1,5.675379634E-1,-4.785789847E-1
4.942504500E0,3.952685595E-1,-1.800795197E-1,-6.195373535E-1
4.962504500E0,3.530051112E-1,-8.191995025E-1,-5.799012184E-1
4.982504500E0,2.980065644E-1,-1.073578596E0,-4.911005199E-1
5.002504500E0,2.011145651E-1,-9.690571427E-1,-2.902051508E-1
5.022504500E0,6.634812802E-3,-6.337192059E-1,9.804050438E-3
5.042504500E0,-1.047228649E-1,5.196114257E-2,2.410742790E-1
5.062504500E0,-1.115935594E-1,6.715221405E-1,4.773997366E-1
5.082504500E0,-1.399629712E-1,1.022776961E0,5.862937570E-1
5.102504500E0,-2.331994772E-1,1.001932979E0,5.799710751E-1
5.122504500E0,-3.098540604E-1,5.876176357E-1,5.360900760E-1
5.142504500E0,-3.153910637E-1,7.428910583E-2,4.309761226E-1
5.162504500E0,-2.108878046E-1,-3.366470933E-1,2.384171337E-1
5.182504500E0,-1.910812035E-2,-4.605001211E-1,4.512112588E-2
5.202504500E0,1.452261060E-1,-2.695158720E-1,-1.124874577E-1
5.222504500E0,2.216602266E-1,1.039002389E-1,-1.988916844E-1
5.242504500E0,1.539819539E-1,4.316281080E-1,-2.182685435E-1
5.262504500E0,2.157104760E-2,4.140723944E-1,-2.644865811E-1
5.282504500E0,-9.337294847E-2,6.756985188E-2,-3.242448866E-1
5.302504500E0,-1.438475847E-1,-3.069920540E-1,-3.695593476E-1
5.322504500E0,-1.335171759E-1,-5.299134851E-1,-4.136152267E-1
5.342504500E0,-8.588596433E-2,-5.675884485E-1,-4.502512813E-1
5.362504500E0,-2.155994996E-2,-4.595867395E-1,-4.544956684E-1
5.382504500E0,3.522915393E-2,-2.106897682E-1,-4.146240950E-1
5.402504500E0,-5.406561540E-4,2.155267633E-2,-3.202424347E-1
5.422504500E0,-1.674467921E-1,7.735864073E-2,-1.843617409E-1
5.442504500E0,-3.696758747E-1,9.871983528E-2,-6.012002379E-2
5.462504500E0,-5.431936383E-1,1.489031166E-1,-8.866957389E-3
5.482504500E0,-6.529392600E-1,9.382297844E-2,-3.404464945E-2
5.502504500E0,-6.623520851E-1,2.002004720E-2,-1.501002014E-1
5.522504500E0,-5.748541951E-1,-7.949056476E-2,-2.731806040E-1
5.542504500E0,-4.246828854E-1,-1.709067523E-1,-3.344623744E-1
5.562504500E0,-3.418599069E-1,-1.851571947E-1,-4.090047181E-1
5.582504500E0,-3.932230771E-1,-2.972566485E-1,-4.683945477E-1
5.602504500E0,-4.800470769E-1,-4.467698932E-1,-4.371463358E-1
5.622504500E0,-4.676789343E-1,-3.956609964E-1,-4.238089919E-1
5.642504500E0,-3.899681568E-1,-2.443588525E-1,-4.148689210E-1
5.662504500E0,-3.241922259E-1,-1.087919921E-1,-3.619864285E-1
5.682504500E0,-3.468725383E-1,-9.610227495E-2,-3.371482790E-1
5.702504500E0,-4.133652747E-1,-1.689018905E-1,-3.682662249E-1
5.722504500E0,-4.151881337E-1,-1.694547385E-1,-4.037908614E-1
5.742504500E0,-3.846014440E-1,-9.958718717E-2,-4.119806290E-1
5.762504500E0,-3.728674054E-1,3.009456210E-2,-3.999333382E-1
5.782504500E0,-3.700540960E-1,1.989037357E-2,-4.194687307E-1
5.802504500E0,-3.735642433E-1,-1.143408939E-1,-4.270040393E-1
5.822504500E0,-3.332303762E-1,-1.389914602E-1,-4.138790369E-1
5.842504500E0,-3.476327658E-1,-1.094288826E-1,-4.177342355E-1
5.862504500E0,-4.010639191E-1,-7.357199490E-2,-3.893344700E-1
5.882504500E0,-4.352137744E-1,-3.528882936E-2,-3.657809794E-1
5.902504500E0,-4.553592205E-1,-5.303232744E-2,-3.591032326E-1
5.922504500E0,-4.354897141E-1,-1.128938571E-1,-3.484329879E-1
5.942504500E0,-3.770088851E-1,-9.628787637E-2,-3.239110112E-1
5.962504500E0,-3.434798419E-1,-7.040117681E-2,-2.543285787E-1
5.982504500E0,-3.782293797E-1,-2.047801763E-1,-1.881556660E-1
6.002504500E0,-3.879877329E-1,-2.717288136E-1,-1.587572992E-1
6.022504500E0,-3.165859282E-1,-1.400030106E-1,-1.003796756E-1
6.042504500E0,-1.950628012E-1,6.866143644E-2,5.205283873E-3
6.062504500E0,-1.271349788E-1,9.402418882E-2,7.450289279E-2
6.082504500E0,-1.168585122E-1,-5.493378267E-2,6.683383882E-2
6.102504500E0,-1.531902850E-1,-2.461783737E-1,3.008829802E-2
6.122504500E0,-1.090195179E-1,-2.508884668E-1,5.220146850E-2
6.142504500E0,4.977541044E-2,-2.485116944E-3,4.667249694E-2
6.162504500E0,1.465757638E-1,6.697338074E-2,3.342724591E-2
6.182504500E0,1.100503877E-1,-8.551584184E-2,8.088766038E-2
6.202504500E0,1.053997427E-1,-1.288465708E-1,1.182252616E-1
6.222504500E0,1.259153187E-1,2.539025061E-2,1.133612841E-1
6.242504500E0,1.178904548E-1,6.006016582E-2,1.250072718E-1
6.262504500E0,1.563114971E-1,7.161569782E-3,1.724700034E-1
6.282504500E0,2.483561188E-1,1.864137128E-2,1.907882243E-1
6.302504500E0,2.915445566E-1,6.245190650E-2,1.831662804E-1
6.322504500E0,3.171576858E-1,6.510277838E-2,1.867273748E-1
6.342504500E0,4.213262498E-1,3.951809555E-2,2.085880190E-1
6.362504500E0,5.721275210E-1,1.847285591E-2,2.538320720E-1
6.382504500E0,6.760362983E-1,5.258429796E-2,3.261758983E-1
6.402504500E0,6.607832909E-1,9.279563278E-2,4.184264839E-1
6.422504500E0,5.612312555E-1,1.889394224E-2,5.096728802E-1
6.442504500E0,6.387263536E-1,1.324465573E-1,6.022306681E-1
6.462504500E0,9.477988482E-1,7.270366549E-1,6.811360121E-1
6.482504500E0,1.141620874E0,1.281972528E0,8.902763128E-1
6.502504500E0,9.632676244E-1,1.589205265E0,1.061647892E0
6.522504500E0,6.613852978E-1,1.617754936E0,1.087279916E0
6.542504500E0,4.380842149E-1,1.173236012E0,9.615405202E-1
6.562504500E0,2.956400216E-1,5.312062502E-1,6.790009141E-1
6.582504500E0,2.110345215E-1,-7.473321259E-2,3.375988305E-1
6.602504500E0,9.143855423E-2,-7.403258085E-1,-2.830982022E-2
6.622504500E0,-5.266085640E-2,-1.521519184E0,-3.093879819E-1
6.642504500E0,-1.056870744E-1,-2.355709314E0,-5.086335540E-1
6.662504500E0,1.355654895E-1,-2.974442244E0,-7.451559305E-1
6.682504500E0,9.348795414E-1,-3.022217989E0,-9.378246069E-1
6.702504500E0,1.849051833E0,-2.393767595E0,-8.287496567E-1
6.722504500E0,1.428360105E0,-1.791870713E0,-2.852235436E-1
6.742504500E0,-3.773399293E-1,-1.531166792E0,5.682621002E-1
6.762504500E0,-1.441863418E0,-2.839848101E-1,1.053020477E0
6.782504500E0,-1.026730895E0,2.117469311E0,9.538403153E-1
6.802504500E0,-3.676443994E-1,3.822738647E0,9.056212902E-1
6.822504500E0,-5.682989359E-1,2.565452099E0,9.133090377E-1
6.842504500E0,-1.359724998E0,-1.574226320E-1,2.554804981E-1
6.862504500E0,-1.640435100E0,-9.486275315E-1,-3.254539371E-1
6.882504500E0,-1.044217348E0,-6.888904572E-1,-2.810243964E-1
6.902504500E0,-1.686220914E-1,-6.412270665E-1,5.277629942E-3
6.922504500E0,7.744734883E-1,-2.120237350E-1,2.465992868E-1
6.942504500E0,1.595753908E0,7.067362070E-1,-1.010647416E-2
6.962504500E0,2.017491102E0,7.030602098E-1,-6.514555812E-1
6.982504500E0,1.408089399E0,-2.028102875E0,-1.217527866E0
7.002504500E0,-4.061444476E-2,-5.196667671E0,-1.077384949E0
7.022504500E0,-6.154429317E-1,-3.813063383E0,-5.595735908E-1
7.042504500E0,-1.546134353E-1,9.530189037E-1,-3.194606602E-1
7.062504500E0,2.350833118E-1,2.756641865E0,1.492360383E-1
7.082504500E0,2.437020838E-1,1.762890697E0,7.677875161E-1
7.102504500E0,-1.348860860E-1,4.478128850E-1,9.218961000E-1
7.122504500E0,-6.843116283E-1,-2.126278877E-1,7.591801882E-1
7.142504500E0,-8.722481728E-1,1.127544343E-1,7.135001421E-1
7.162504500E0,-5.374379158E-1,9.537084699E-1,4.822223186E-1
7.182504500E0,-1.626670212E-1,1.562823415E0,5.142453685E-2
7.202504500E0,1.372482628E-1,1.298454404E0,-7.430398464E-2
7.222504500E0,4.184838533E-1,6.027587056E-1,-2.624616027E-2
7.242504500E0,4.242810011E-1,2.696030140E-1,-9.513786435E-2
7.262504500E0,2.055030316E-1,1.881259829E-1,-1.244819611E-1
7.282504500E0,-1.476639807E-1,4.108872265E-2,-9.596690536E-3
7.302504500E0,-4.011104405E-1,5.601093173E-2,-2.937125973E-2
7.322504500E0,-3.490735888E-1,4.193080366E-1,-7.954769582E-2
7.342504500E0,-1.916159391E-1,6.102928519E-1,-1.342193335E-1
7.362504500E0,-5.061189830E-2,2.881794572E-1,-2.460314482E-1
7.382504500E0,-1.744234748E-2,1.704215705E-1,-3.453082740E-1
7.402504500E0,-1.549071819E-1,1.595577598E-1,-3.586408198E-1
7.422504500E0,-3.084304333E-1,5.129295588E-2,-3.608317077E-1
7.442504500E0,-3.485579789E-1,9.757082909E-2,-3.561192155E-1
7.462504500E0,-3.589628935E-1,1.871204674E-1,-3.674082756E-1
7.482504500E0,-3.892008960E-1,1.770656109E-1,-3.604327738E-1
7.502504500E0,-3.971768320E-1,1.665144712E-1,-3.836955726E-1
7.522504500E0,-3.951792419E-1,9.284140170E-2,-4.300448298E-1
7.542504500E0,-4.517742395E-1,-8.073761314E-2,-4.613206089E-1
7.562504500E0,-4.549627602E-1,-2.411283106E-1,-4.698128104E-1
7.582504500E0,-3.754882514E-1,-3.364203572E-1,-4.789271951E-1
7.602504500E0,-3.509422839E-1,-4.896183610E-1,-4.739362895E-1
7.622504500E0,-3.858922124E-1,-5.715991855E-1,-4.135610461E-1
7.642504500E0,-4.034569263E-1,-3.945774734E-1,-3.332267702E-1
7.662504500E0,-4.217170775E-1,-2.049667239E-1,-2.912947536E-1
7.682504500E0,-5.093616247E-1,-2.305729985E-1,-2.571846545E-1
7.702504500E0,-5.637892485E-1,-1.698870808E-1,-2.091556042E-1
7.722504500E0,-5.832498670E-1,-9.237819165E-2,-2.174130827E-1
7.742504500E0,-5.754404664E-1,-8.006486297E-2,-2.672740817E-1
7.762504500E0,-4.970113337E-1,-1.683200002E-1,-2.821098864E-1
7.782504500E0,-3.786245584E-1,-1.910314858E-1,-2.974826694E-1
7.802504500E0,-3.259490132E-1,-1.094848439E-1,-3.702610731E-1
7.822504500E0,-3.410622478E-1,-3.267145157E-2,-3.728277087E-1
7.842504500E0,-3.356467783E-1,-4.775455222E-2,-3.739145994E-1
7.862504500E0,-3.021576405E-1,-1.936125308E-1,-3.851557672E-1
7.882504500E0,-2.423355877E-1,-2.593780756E-1,-3.500989079E-1
7.902504500E0,-1.942101419E-1,-2.166289836E-1,-2.830985188E-1
7.922504500E0,-1.520655155E-1,-2.074524462E-1,-1.399557889E-1
7.942504500E0,-1.386738569E-1,-2.096589357E-1,6.887987256E-3
7.962504500E0,-8.997022361E-2,-3.277885914E-2,1.400110573E-1
7.982504500E0,-2.721625194E-2,2.513900995E-1,2.307225764E-1
8.002504500E0,-1.212553680E-2,4.218122661E-1,2.774389684E-1
8.022504500E0,5.844684783E-3,4.691985846E-1,3.126506507E-1
8.042504500E0,5.172207952E-3,3.548136950E-1,2.928933799E-1
8.062504500E0,8.166961372E-2,1.647114456E-1,2.159963995E-1
8.082504500E0,2.720525265E-1,2.070885897E-1,1.515681595E-1
8.102504500E0,4.274519384E-1,2.325320840E-1,1.225395501E-1
8.122504500E0,4.557501972E-1,2.739928104E-2,1.128873602E-1
8.142504500E0,4.871554673E-1,-2.015159875E-1,1.293150932E-1
8.162504500E0,5.359001160E-1,-3.234115541E-1,1.536246687E-1
8.182504500E0,5.389689803E-1,-2.454556674E-1,2.210130990E-1
8.202504500E0,5.221295953E-1,2.658214048E-2,3.613154888E-1
8.222504500E0,5.301555991E-1,2.509102523E-1,5.217981935E-1
8.242504500E0,5.226784945E-1,3.558364511E-1,6.294900775E-1
8.262504500E0,4.595929086E-1,3.933880925E-1,6.788954735E-1
8.282504500E0,4.220507741E-1,3.868867457E-1,6.852558851E-1
8.302504500E0,4.310456216E-1,4.431563020E-1,6.606566310E-1
8.322504500E0,4.563702047E-1,4.780260921E-1,6.010906696E-1
8.342504500E0,4.824948013E-1,4.034822285E-1,5.078524947E-1
8.362504500E0,4.812402725E-1,3.907066286E-1,4.109626710E-1
8.382504500E0,4.512295127E-1,4.929065704E-1,3.424057364E-1
8.402504500E0,3.887948692E-1,4.746005535E-1,2.547698915E-1
8.422504500E0,3.352671564E-1,2.796826959E-1,1.178103983E-1
8.442504500E0,3.511810303E-1,-5.597728491E-2,-2.189304493E-2
8.462504500E0,4.256619215E-1,-4.551654458E-1,-1.438969821E-1
8.482504500E0,4.009549916E-1,-7.505559921E-1,-2.760909796E-1
8.502504500E0,2.522480190E-1,-8.614848256E-1,-3.818793893E-1
8.522504500E0,1.223717332E-1,-7.828351855E-1,-4.059145451E-1
8.542504500E0,9.492871910E-2,-5.980666280E-1,-4.001993239E-1
8.562504500E0,8.837732673E-2,-4.641997516E-1,-3.586310148E-1
8.582504500E0,-7.515965402E-2,-3.163367212E-1,-2.575942576E-1
8.602504500E0,-3.719584644E-1,4.678357020E-2,-1.365283132E-1
8.622504500E0,-6.304566860E-1,2.484342754E-1,2.910306444E-3
8.642504500E0,-8.289320469E-1,1.409391910E-1,6.907966733E-2
8.662504500E0,-8.998472691E-1,-2.063592896E-2,-1.751717180E-2
8.682504500E0,-7.367651463E-1,-1.097474322E-1,-1.694505066E-1
8.702504500E0,-4.948495924E-1,-1.941013336E-1,-3.142705858E-1
8.722504500E0,-3.733205199E-1,-2.238092870E-1,-3.849766254E-1
8.742504500E0,-3.439124525E-1,-3.002069890E-1,-3.540850282E-1
8.762504500E0,-4.155163765E-1,-3.661267459E-1,-3.670406938E-1
8.782504500E0,-5.772829652E-1,-3.230302632E-1,-4.409383237E-1
8.802504500E0,-6.341583133E-1,-1.596201658E-1,-4.319308698E-1
8.822504500E0,-6.360768080E-1,1.511250250E-2,-4.102076590E-1
8.842504500E0,-5.728987455E-1,7.362026721E-3,-4.025468230E-1
8.862504500E0,-4.638556838E-1,-4.210215434E-2,-3.610908389E-1
8.882504500E0,-4.595117867E-1,-5.460952409E-3,-3.256237507E-1
8.902504500E0,-4.873201847E-1,1.025879383E-1,-3.073425889E-1
8.922504500E0,-4.289225340E-1,1.914649010E-1,-2.904455662E-1
8.942504500E0,-3.056041300E-1,2.382088006E-1,-2.390770763E-1
8.962504500E0,-2.063256651E-1,2.373875082E-1,-1.462690532E-1
8.982504500E0,-1.949426532E-1,2.324524522E-1,-6.751081347E-2
9.002504500E0,-2.502804101E-1,2.324256301E-1,9.372232482E-3
9.022504500E0,-2.691925466E-1,1.802862883E-1,5.862293392E-2
9.042504500E0,-6.801963598E-2,2.568576038E-1,9.690371156E-2
9.062504500E0,1.017403975E-1,2.756932974E-1,1.334341168E-1
9.082504500E0,1.560220718E-1,1.463368237E-1,1.600469649E-1
9.102504500E0,1.848634630E-1,1.991193891E-1,1.859950721E-1
9.122504500E0,1.704311371E-1,2.266639620E-1,2.201568931E-1
9.142504500E0,2.510638833E-1,5.264803395E-2,2.228513211E-1
9.162504500E0,4.501999021E-1,2.989771590E-2,2.231871337E-1
9.182504500E0,5.033142567E-1,1.606425457E-2,2.615494132E-1
9.202504500E0,4.445392191E-1,-4.556722008E-3,3.146581650E-1
9.222504500E0,4.261592031E-1,-2.176230215E-2,4.052570164E-1
9.242504500E0,4.784010947E-1,7.889399678E-2,4.727487266E-1
9.262504500E0,4.949133992E-1,1.466759741E-1,5.206469297E-1
9.282504500E0,5.063940287E-1,2.540937364E-1,5.814285874E-1
9.302504500E0,5.707831383E-1,4.223910272E-1,6.394314170E-1
9.322504500E0,5.772975087E-1,4.218851328E-1,6.560096145E-1
9.342504500E0,5.315523148E-1,2.820685208E-1,6.269175410E-1
9.362504500E0,5.375308394E-1,2.305568457E-1,5.872353911E-1
9.382504500E0,6.202475429E-1,3.066003323E-1,5.213723183E-1
9.402504500E0,6.652078032E-1,3.491663337E-1,4.614268541E-1
9.422504500E0,6.447244287E-1,2.952310741E-1,4.070322216E-1
9.442504500E0,5.544918776E-1,2.339214832E-1,3.087437749E-1
9.462504500E0,4.109916687E-1,9.658566862E-2,1.759894788E-1
9.482504500E0,2.852573395E-1,-1.648173779E-1,2.815186046E-2
9.502504500E0,2.203188539E-1,-4.903232455E-1,-1.244270429E-1
9.522504500E0,1.824058592E-1,-7.813881040E-1,-2.769861519E-1
9.542504500E0,1.326021701E-1,-9.361128807E-1,-3.960369527E-1
9.562504500E0,1.314827949E-1,-9.098767638E-1,-4.875194132E-1
9.582504500E0,2.694393992E-1,-7.981604338E-1,-5.808358788E-1
9.602504500E0,3.870755732E-1,-7.770873904E-1,-6.143535972E-1
9.622504500E0,2.209641337E-1,-6.373345256E-1,-4.832158089E-1
9.642504500E0,-2.432286441E-1,-1.482190639E-1,-1.964843422E-1
9.662504500E0,-7.413112521E-1,3.204416037E-1,9.822712839E-2
9.682504500E0,-1.159891367E0,4.539035261E-1,2.616589069E-1
9.702504500E0,-1.418255329E0,3.636217713E-1,2.425008416E-1
9.722504500E0,-1.332080960E0,2.719441354E-1,6.617444009E-2
9.742504500E0,-8.665536642E-1,2.612184882E-1,-1.692715734E-1
9.762504500E0,-3.599198461E-1,3.167009652E-1,-3.597358763E-1
9.782504500E0,-2.194498628E-1,3.011657298E-1,-4.873941243E-1
9.802504500E0,-3.556609452E-1,-1.280018874E-2,-5.521296263E-1
9.822504500E0,-6.178031564E-1,-9.971515834E-2,-5.697063208E-1
9.842504500E0,-7.125364542E-1,4.882728308E-2,-5.880673528E-1
9.862504500E0,-6.049668193E-1,1.516297311E-1,-5.874975920E-1
9.882504500E0,-4.247789979E-1,1.872489601E-1,-5.521468520E-1
9.902504500E0,-3.415512145E-1,3.763885424E-2,-5.432960391E-1
9.922504500E0,-3.505260050E-1,-7.147618383E-2,-5.026941895E-1
9.942504500E0,-3.585483730E-1,6.868617237E-2,-3.624689579E-1
9.962504500E0,-3.814648986E-1,2.273104638E-1,-2.107170522E-1
9.982504500E0,-3.429470360E-1,3.228638470E-1,-9.188113362E-2
1.000250450E1,-2.265555710E-1,4.136529565E-1,-5.826096982E-3
1.002250450E1,-1.390282065E-1,4.184217155E-1,9.627029300E-2
1.004250450E1,-1.022249758E-1,3.403176963E-1,1.784294546E-1
1.006250450E1,-1.399373859E-1,2.252965868E-1,2.073610425E-1
1.008250450E1,-1.807940453E-1,2.561445534E-1,2.272390574E-1
1.010250450E1,-1.475580484E-1,4.567845762E-1,2.267939448E-1
1.012250450E1,-2.224811167E-1,5.857042074E-1,8.723191917E-2
1.014250450E1,-5.954262018E-1,5.543431640E-1,-2.207190692E-1
1.016250450E1,-5.323778987E-1,4.950980544E-1,-1.061853245E-1
1.018250450E1,3.594385386E-1,-5.567566752E-1,2.263853401E-1
1.020250450E1,9.063376784E-1,-6.885054111E-1,1.237484254E-2
1.022250450E1,8.559002280E-1,4.797606766E-1,-2.164242864E-1
1.024250450E1,7.800027728E-1,1.310461283E0,3.646686375E-1
1.026250450E1,6.182494164E-1,1.435690999E0,9.042946100E-1
1.028250450E1,4.814025760E-1,7.668808699E-1,9.340099692E-1
1.030250450E1,5.157682896E-1,-5.564212799E-1,7.944707870E-1
1.032250450E1,6.743472219E-1,-2.202120543E0,6.364366412E-1
1.034250450E1,7.769352794E-1,-3.033195257E0,3.497702479E-1
1.036250450E1,1.074063897E0,-1.177636147E0,1.174429059E-1
1.038250450E1,9.274352789E-1,1.482938409E0,3.943452835E-1
1.040250450E1,4.286004305E-1,1.850508571E0,8.490352035E-1
1.042250450E1,3.187629580E-1,1.458493590E0,9.847580194E-1
1.044250450E1,3.426408768E-1,1.275893331E0,7.875357270E-1
1.046250450E1,1.747237742E-1,1.050762057E0,4.609172642E-1
1.048250450E1,-7.004467398E-2,4.793455005E-1,1.960407645E-1
1.050250450E1,-1.607580185E-1,-1.998063475E-1,-7.989417762E-2
1.052250450E1,-4.833162203E-2,-5.198230743E-1,-2.412976176E-1
1.054250450E1,1.402063966E-1,-4.844793975E-1,-3.822357655E-1
1.056250450E1,3.685488999E-1,-4.000196159E-1,-5.157710910E-1
1.058250450E1,5.285393000E-1,-5.359466672E-1,-6.250924468E-1
1.060250450E1,5.672461987E-1,-9.882814288E-1,-7.185251117E-1
1.062250450E1,4.377456307E-1,-1.352030516E0,-7.469252944E-1
1.064250450E1,7.101944089E-2,-1.163412333E0,-5.508742929E-1
1.066250450E1,-3.332832754E-1,-3.703952134E-1,-1.595830917E-1
1.068250450E1,-6.697509289E-1,1.285589039E-1,1.065078452E-1
1.070250450E1,-9.270482063E-1,1.996164322E-1,1.660062969E-1
1.072250450E1,-1.048912048E0,1.352330446E-1,7.151950151E-2
1.074250450E1,-9.223330617E-1,4.933940992E-2,-8.638297021E-2
1.076250450E1,-6.173236370E-1,-7.680696435E-4,-2.015094012E-1
1.078250450E1,-3.605656922E-1,-3.484700248E-2,-3.027575016E-1
1.080250450E1,-2.563214302E-1,-2.406128049E-1,-4.110730290E-1
1.082250450E1,-3.735051155E-1,-4.110834897E-1,-4.501248002E-1
1.084250450E1,-5.628293753E-1,-2.261491120E-1,-4.537416697E-1
1.086250450E1,-5.913805366E-1,2.030614018E-2,-4.488610923E-1
1.088250450E1,-4.815512002E-1,7.272600383E-2,-4.430327713E-1
1.090250450E1,-3.269066513E-1,6.478599459E-2,-4.452736080E-1
1.092250450E1,-2.626920342E-1,5.996657535E-2,-4.132345915E-1
1.094250450E1,-3.757054210E-1,-1.676152796E-1,-3.666487336E-1
1.096250450E1,-4.543973505E-1,-4.581276178E-1,-2.940199375E-1
1.098250450E1,-2.569429874E-1,-2.021666318E-1,-1.900391877E-1
1.100250450E1,-4.781001806E-2,1.722799540E-1,-4.160949215E-2
1.102250450E1,-1.435381174E-1,1.340399981E-1,1.209335178E-1
1.104250450E1,-2.217090428E-1,2.180353701E-1,2.530470490E-1
1.106250450E1,-1.055162027E-1,3.686320484E-1,3.104522228E-1
1.108250450E1,8.151883632E-2,3.939644396E-1,3.129250109E-1
1.110250450E1,1.832794100E-1,2.978193462E-1,2.757132351E-1
1.112250450E1,2.140868902E-1,1.287277490E-1,2.372322381E-1
1.114250450E1,2.493056357E-1,2.084819078E-1,2.637896240E-1
1.116250450E1,3.283612728E-1,2.553876936E-1,2.441146523E-1
1.118250450E1,3.976198435E-1,6.877485663E-2,2.003782988E-1
1.120250450E1,4.409450591E-1,-3.755256906E-2,2.353733480E-1
1.122250450E1,4.486993849E-1,-6.363838911E-2,3.255896866E-1
1.124250450E1,4.888688326E-1,4.281298816E-2,4.160454273E-1
1.126250450E1,5.287728310E-1,2.604643106E-1,5.040370822E-1
1.128250450E1,4.691065252E-1,3.846282959E-1,5.905597210E-1
1.130250450E1,3.641749024E-1,4.394720793E-1,6.633512378E-1
1.132250450E1,3.080436289E-1,3.616743386E-1,7.013431191E-1
1.134250450E1,3.330291510E-1,2.270569056E-1,6.722001433E-1
1.136250450E1,4.101167321E-1,2.515739799E-1,5.947239995E-1
1.138250450E1,4.572361708E-1,3.228144050E-1,5.304334760E-1
1.140250450E1,4.603010118E-1,2.983569801E-1,4.847742021E-1
1.142250450E1,4.674578905E-1,2.337016761E-1,4.434311092E-1
1.144250450E1,4.678424597E-1,1.487890780E-1,3.739331067E-1
1.146250450E1,3.829408586E-1,-4.324730486E-2,2.664568126E-1
1.148250450E1,2.833113074E-1,-2.685641944E-1,1.644015163E-1
1.150250450E1,2.676821947E-1,-4.280318916E-1,7.769398391E-2
1.152250450E1,2.753032446E-1,-5.431073904E-1,-5.421642587E-2
1.154250450E1,2.690918744E-1,-6.083294749E-1,-2.079958469E-1
1.156250450E1,2.369163036E-1,-5.397206545E-1,-3.067812622E-1
1.158250450E1,1.444974989E-1,-3.842263520E-1,-2.807772756E-1
1.160250450E1,-8.225598186E-2,-2.849125862E-1,-2.002341598E-1
1.162250450E1,-3.627731502E-1,-2.132994980E-1,-1.596775949E-1
1.164250450E1,-5.400912762E-1,-9.038841724E-2,-1.439400762E-1
1.166250450E1,-5.873612761E-1,-4.210016131E-2,-1.446814984E-1
1.168250450E1,-5.410788059E-1,-2.188777775E-1,-1.924079061E-1
1.170250450E1,-4.391331673E-1,-4.047811627E-1,-3.078632355E-1
1.172250450E1,-3.614243865E-1,-4.006604254E-1,-4.265290499E-1
1.174250450E1,-3.217230439E-1,-2.581830621E-1,-4.750348926E-1
1.176250450E1,-3.734527826E-1,-1.473721415E-1,-4.968247712E-1
1.178250450E1,-5.006592870E-1,-2.251670957E-1,-5.423875451E-1
1.180250450E1,-5.314359665E-1,-3.620952964E-1,-5.415108204E-1
1.182250450E1,-4.244897962E-1,-4.064992666E-1,-5.337750912E-1
1.184250450E1,-4.027908146E-1,-3.543211818E-1,-5.399310589E-1
1.186250450E1,-4.836642444E-1,-1.737506241E-1,-4.578152299E-1
1.188250450E1,-5.221211910E-1,4.229797050E-2,-3.515977859E-1
1.190250450E1,-3.830125630E-1,2.901941165E-2,-3.286726773E-1
1.192250450E1,-3.259422779E-1,-2.308911085E-1,-3.922584057E-1
1.194250450E1,-3.372716606E-1,-2.941158414E-1,-3.954601586E-1
1.196250450E1,-2.456555963E-1,-1.517560929E-1,-3.545316756E-1
1.198250450E1,-1.971473247E-1,-6.081370637E-2,-2.983976603E-1
1.200250450E1,-2.201428264E-1,-1.604740322E-1,-1.645702571E-1
1.202250450E1,-2.468984872E-1,-8.868458122E-2,-2.486224845E-2
1.204250450E1,-1.846886128E-1,2.513810396E-1,9.757053107E-2
1.206250450E1,-1.231058389E-1,4.607522488E-1,2.126792371E-1
1.208250450E1,-6.209874898E-2,4.405167103E-1,2.660401464E-1
1.210250450E1,4.620270431E-2,3.620553017E-1,2.610775232E-1
1.212250450E1,1.541396677E-1,3.094104826E-1,2.142880559E-1
1.214250450E1,1.871445477E-1,2.741740942E-1,1.984160244E-1
1.216250450E1,1.851860583E-1,2.413998991E-1,2.001904994E-1
1.218250450E1,2.400875390E-1,1.537194997E-1,2.044544369E-1
1.220250450E1,3.431383371E-1,-1.103161834E-2,2.082854509E-1
1.222250450E1,4.525153041E-1,-3.410782665E-2,2.548367679E-1
1.224250450E1,5.469948649E-1,9.035954624E-2,3.627827764E-1
1.226250450E1,5.553697348E-1,1.847531199E-1,4.957699478E-1
1.228250450E1,4.962245524E-1,2.004723698E-1,6.002867818E-1
1.230250450E1,4.397827685E-1,2.333155572E-1,6.631750464E-1
1.232250450E1,4.283452332E-1,2.083390504E-1,7.028580904E-1
1.234250450E1,4.763953984E-1,8.637400717E-2,6.748211384E-1
1.236250450E1,5.809315443E-1,-5.586743355E-2,6.066969037E-1
1.238250450E1,6.673095822E-1,-1.026008874E-1,5.463660359E-1
1.240250450E1,6.354160905E-1,1.626801305E-2,5.227248073E-1
1.242250450E1,5.480080843E-1,6.215145439E-2,4.825721383E-1
1.244250450E1,4.340139925E-1,4.172885790E-2,3.621450365E-1
1.246250450E1,3.893419504E-1,1.304914802E-1,2.557552755E-1
1.248250450E1,3.787144423E-1,2.620015144E-1,1.662405282E-1
1.250250450E1,3.112896681E-1,1.871198714E-1,5.179596320E-2
1.252250450E1,2.033154070E-1,-1.124344319E-1,-9.537382424E-2
1.254250450E1,1.322703063E-1,-4.038837850E-1,-2.668337524E-1
1.256250450E1,7.343615592E-2,-4.898025095E-1,-4.172616601E-1
1.258250450E1,1.310498081E-2,-4.099084437E-1,-4.611811042E-1
1.260250450E1,5.304717924E-3,-3.458496332E-1,-4.140511751E-1
1.262250450E1,3.943250328E-2,-3.555596769E-1,-3.912012279E-1
1.264250450E1,-4.298302159E-2,-3.941591382E-1,-3.491373062E-1
1.266250450E1,-3.107946515E-1,-4.317612350E-1,-2.039366663E-1
1.268250450E1,-5.435695052E-1,-2.439679503E-1,-1.003281623E-1
1.270250450E1,-6.440038085E-1,-1.821299829E-2,-6.352698058E-2
1.272250450E1,-7.153437138E-1,6.658916175E-2,-1.004054695E-1
1.274250450E1,-7.603967786E-1,-5.109508988E-3,-1.991737336E-1
1.276250450E1,-6.215859056E-1,-1.533799022E-1,-3.004346788E-1
1.278250450E1,-3.986555338E-1,-1.742760241E-1,-3.790870607E-1
1.280250450E1,-3.747200072E-1,-1.485652030E-1,-4.444309473E-1
1.282250450E1,-4.498724639E-1,-1.318610758E-1,-4.210503697E-1
1.284250450E1,-5.191969275E-1,1.218320876E-1,-4.056804180E-1
1.286250450E1,-5.145591497E-1,4.680819511E-1,-4.709573686E-1
1.288250450E1,-5.304229856E-1,6.648799181E-1,-5.836156011E-1
1.290250450E1,-5.368390083E-1,5.347009897E-1,-5.998414159E-1
1.292250450E1,-4.532634020E-1,2.980711460E-1,-5.682704449E-1
1.294250450E1,-3.405065238E-1,9.654261172E-2,-5.643011332E-1
1.296250450E1,-2.922281623E-1,-1.333889365E-1,-4.940126836E-1
1.298250450E1,-2.908325791E-1,-3.514220417E-1,-3.535040617E-1
1.300250450E1,-2.886134982E-1,-2.689749002E-1,-1.804645061E-1
1.302250450E1,-2.823860347E-1,-4.101925716E-2,7.909677923E-3
1.304250450E1,-2.179505974E-1,3.528138995E-2,1.210358813E-1
1.306250450E1,-1.600211859E-1,2.826601267E-2,1.209814548E-1
1.308250450E1,-1.691146791E-1,1.553439535E-2,7.718864083E-2
1.310250450E1,-9.149198979E-2,5.982375145E-2,1.255909652E-1
1.312250450E1,7.747284323E-2,7.517027855E-2,2.109300792E-1
1.314250450E1,2.018530071E-1,5.087614059E-2,2.275930643E-1
1.316250450E1,2.821650803E-1,-3.383145481E-2,2.534072101E-1
1.318250450E1,2.720696330E-1,1.951705292E-2,2.313026637E-1
1.320250450E1,2.639723122E-1,1.242874935E-1,2.107515782E-1
1.322250450E1,3.181150258E-1,1.462072730E-1,2.245533764E-1
1.324250450E1,4.088019133E-1,1.801462099E-2,1.940066069E-1
1.326250450E1,4.844416678E-1,-1.472263187E-1,1.726394147E-1
1.328250450E1,5.061437488E-1,-2.456565946E-1,2.106049955E-1
1.330250450E1,5.445927978E-1,-2.831540108E-1,2.827130258E-1
1.332250450E1,6.169891953E-1,-2.116954029E-1,3.444542587E-1
1.334250450E1,6.520897150E-1,-4.263697192E-2,4.253202379E-1
1.336250450E1,6.006552577E-1,2.120921910E-1,5.164637566E-1
1.338250450E1,5.477887392E-1,4.409017563E-1,6.266508698E-1
1.340250450E1,5.341544151E-1,6.037063599E-1,7.308086753E-1
1.342250450E1,4.613780975E-1,5.864240527E-1,7.453323007E-1
1.344250450E1,3.453581929E-1,4.511826038E-1,6.978725791E-1
1.346250450E1,2.978814244E-1,4.223859608E-1,6.435343027E-1
1.348250450E1,3.299002051E-1,4.929093122E-1,5.401109457E-1
1.350250450E1,3.630879819E-1,5.589655638E-1,3.902886808E-1
1.352250450E1,3.616176248E-1,6.103852391E-1,2.435874790E-1
1.354250450E1,2.917412221E-1,6.158454418E-1,8.310533315E-2
1.356250450E1,2.199698687E-1,4.772601426E-1,-8.299487084E-2
1.358250450E1,2.274599075E-1,9.254334122E-2,-2.212346345E-1
1.360250450E1,2.641476095E-1,-4.055382311E-1,-3.605169952E-1
1.362250450E1,2.339062542E-1,-6.727631092E-1,-5.180410743E-1
1.364250450E1,1.237443611E-1,-5.986565948E-1,-6.144902110E-1
1.366250450E1,-9.184068069E-3,-3.755804300E-1,-5.704032779E-1
1.368250450E1,-1.392019540E-1,-2.474552393E-1,-4.452607334E-1
1.370250450E1,-3.238879144E-1,-2.506045103E-1,-3.373946249E-1
1.372250450E1,-4.757340848E-1,-2.222988904E-1,-2.146894336E-1
1.374250450E1,-5.556095839E-1,-1.173406839E-1,-8.243779838E-2
1.376250450E1,-5.721039176E-1,-6.730936468E-2,1.299882121E-2
1.378250450E1,-5.861691833E-1,-1.480170898E-2,2.793882415E-2
1.380250450E1,-6.616464257E-1,2.006193995E-2,-3.888253495E-2
1.382250450E1,-7.272891998E-1,-1.734019220E-1,-1.504268795E-1
1.384250450E1,-6.957874894E-1,-5.110295415E-1,-2.547015846E-1
1.386250450E1,-5.648774505E-1,-6.430344582E-1,-3.520668447E-1
1.388250450E1,-4.899272025E-1,-4.400951862E-1,-4.392916262E-1
1.390250450E1,-5.151855946E-1,-1.959246248E-1,-4.632223547E-1
1.392250450E1,-4.886822999E-1,-1.234856248E-1,-4.438621998E-1
1.394250450E1,-3.288574517E-1,-2.091613784E-2,-4.474491179E-1
1.396250450E1,-1.999877095E-1,-1.419557631E-1,-5.278830528E-1
1.398250450E1,-2.368765622E-1,-6.958078146E-1,-5.909931064E-1
1.400250450E1,-2.427238226E-1,-9.783068299E-1,-5.199906230E-1
1.402250450E1,-1.674944907E-1,-6.242405176E-1,-4.140413404E-1
1.404250450E1,-1.692585200E-1,-1.824625134E-1,-3.380299509E-1
1.406250450E1,-3.561303616E-1,-9.949180484E-2,-1.659624130E-1
1.408250450E1,-4.941042066E-1,8.248225600E-2,2.354360558E-2
1.410250450E1,-3.578428328E-1,1.978693157E-1,1.122198030E-1
1.412250450E1,-1.946280897E-1,7.970232517E-2,6.599442661E-2
1.414250450E1,-6.972000003E-2,7.909981906E-2,2.731450275E-2
1.416250450E1,7.194987684E-2,3.685154915E-1,6.871704012E-2
1.418250450E1,1.557117105E-1,4.541686177E-1,7.731085271E-2
1.420250450E1,1.893239468E-1,2.146689147E-1,1.184211671E-2
1.422250450E1,2.404826432E-1,1.670708805E-1,1.509652846E-2
1.424250450E1,2.790049911E-1,7.361192256E-2,4.392028227E-2
1.426250450E1,3.237096965E-1,1.290983614E-2,8.220984787E-2
1.428250450E1,4.173566103E-1,1.057092026E-1,1.727745235E-1
1.430250450E1,4.683419168E-1,1.487052143E-1,2.539240420E-1
1.432250450E1,4.213381410E-1,1.194704473E-1,3.513494730E-1
1.434250450E1,4.021998942E-1,2.205150127E-1,4.739865363E-1
1.436250450E1,4.336848855E-1,2.793941796E-1,5.422877073E-1
1.438250450E1,4.372415245E-1,2.491420507E-1,5.597931147E-1
1.440250450E1,4.363405704E-1,2.446149439E-1,5.999293923E-1
1.442250450E1,4.558738768E-1,2.704794407E-1,6.359919906E-1
1.444250450E1,4.748918414E-1,3.002263308E-1,6.005193591E-1
1.446250450E1,4.537065327E-1,2.870849967E-1,5.262498260E-1
1.448250450E1,4.233217239E-1,2.353866547E-1,4.554688334E-1
1.450250450E1,3.993668258E-1,2.513232231E-1,3.994434178E-1
1.452250450E1,3.745110929E-1,3.536932468E-1,3.304620087E-1
1.454250450E1,3.526185751E-1,4.338141978E-1,2.741745114E-1
1.456250450E1,3.487810194E-1,4.282051921E-1,2.168636918E-1
1.458250450E1,3.663420081E-1,3.301581144E-1,1.499354988E-1
1.460250450E1,3.962913454E-1,1.901130825E-1,8.399430662E-2
1.462250450E1,3.809172511E-1,2.078355104E-2,9.045998566E-3
1.464250450E1,2.452129126E-1,-1.281148791E-1,-6.304628402E-2
1.466250450E1,4.516218975E-2,-2.562355399E-1,-1.183371767E-1
1.468250450E1,-5.725017190E-2,-3.362033963E-1,-1.787796766E-1
1.470250450E1,-8.066359907E-2,-3.659955561E-1,-2.551200688E-1
1.472250450E1,-7.441936433E-2,-2.996429205E-1,-2.913308740E-1
1.474250450E1,-9.299608320E-2,-1.262130439E-1,-2.390158772E-1
1.476250450E1,-1.644262671E-1,5.133609846E-2,-1.395226866E-1
1.478250450E1,-2.691551447E-1,1.092002764E-1,-5.117007717E-2
1.480250450E1,-4.132357538E-1,-5.332104862E-2,-2.549591847E-2
1.482250450E1,-5.491074920E-1,-2.599240541E-1,-5.368214101E-2
1.484250450E1,-5.808028579E-1,-3.181065917E-1,-1.504101753E-1
1.486250450E1,-5.117219687E-1,-2.627201974E-1,-2.585087121E-1
1.488250450E1,-4.659839272E-1,-1.730801612E-1,-3.591541350E-1
1.490250450E1,-4.333969355E-1,-4.883638769E-2,-4.166779816E-1
1.492250450E1,-3.731470108E-1,-9.385772049E-3,-4.096024632E-1
1.494250450E1,-4.169299901E-1,-2.247316539E-1,-4.910800755E-1
1.496250450E1,-5.161792040E-1,-3.705429137E-1,-5.563470721E-1
1.498250450E1,-4.578988254E-1,-2.063682228E-1,-5.436907411E-1
1.500250450E1,-3.140886724E-1,-1.003677174E-1,-5.224342942E-1
1.502250450E1,-2.355078459E-1,-1.976184100E-1,-4.835997522E-1
1.504250450E1,-2.775628269E-1,-2.409776896E-1,-3.911520243E-1
1.506250450E1,-3.825021088E-1,-1.409697384E-1,-2.739022374E-1
1.508250450E1,-4.274705052E-1,-1.447962821E-1,-2.272052914E-1
1.510250450E1,-3.946475089E-1,-2.229818255E-1,-2.530179918E-1
1.512250450E1,-3.551022410E-1,-2.072087079E-1,-2.072159648E-1
1.514250450E1,-2.441727072E-1,-1.293184757E-1,-1.107787639E-1
1.516250450E1,-1.493160427E-1,-1.229109019E-1,-3.315380588E-2
1.518250450E1,-7.526530325E-2,-1.577327251E-1,5.411542952E-2
1.520250450E1,-3.355007246E-2,-1.063548923E-1,1.346977949E-1
1.522250450E1,-5.786649883E-3,6.157449633E-2,2.052509785E-1
1.524250450E1,9.573935717E-2,2.354031205E-1,2.452756464E-1
1.526250450E1,1.864626855E-1,3.486169279E-1,2.321584970E-1
1.528250450E1,1.552982479E-1,3.152154684E-1,2.038471848E-1
1.530250450E1,1.025651991E-1,2.368693650E-1,2.106364816E-1
1.532250450E1,1.804687828E-1,2.962690592E-1,2.101320773E-1
1.534250450E1,2.821587622E-1,3.735390902E-1,2.126144767E-1
1.536250450E1,3.711863160E-1,2.808636725E-1,2.474116236E-1
1.538250450E1,4.073996246E-1,1.651690304E-1,2.661205530E-1
1.540250450E1,4.441187978E-1,1.350465119E-1,3.118145764E-1
1.542250450E1,4.515978396E-1,2.194510996E-1,3.863624632E-1
1.544250450E1,4.328500032E-1,2.696359754E-1,4.474095702E-1
1.546250450E1,4.737730324E-1,2.437235117E-1,4.809965491E-1
1.548250450E1,4.866381884E-1,1.080279574E-1,4.847114086E-1
1.550250450E1,4.413860142E-1,-2.000450939E-1,4.451175332E-1
1.552250450E1,4.335924387E-1,-5.284021497E-1,3.740917146E-1
1.554250450E1,4.272340834E-1,-7.015632987E-1,2.535229623E-1
1.556250450E1,4.058325291E-1,-6.488828659E-1,1.205243915E-1
1.558250450E1,4.258936048E-1,-5.075307488E-1,8.090400696E-2
1.560250450E1,4.731673598E-1,-4.874254763E-1,8.523157239E-2
1.562250450E1,5.359416604E-1,-7.417391986E-2,6.663316488E-2
1.564250450E1,5.526688099E-1,6.187919378E-1,1.306520551E-1
1.566250450E1,4.160746038E-1,1.141046762E0,1.418362260E-1
1.568250450E1,1.691151857E-1,1.224217057E0,7.808439434E-2
1.570250450E1,-2.462618053E-2,8.074226975E-1,-3.708251286E-3
1.572250450E1,-7.414320856E-2,2.163159549E-1,-7.722195238E-2
1.574250450E1,-1.967298053E-2,-3.284925818E-1,-1.869602650E-1
1.576250450E1,-8.051069453E-3,-9.330931306E-1,-3.689903319E-1
1.578250450E1,-6.255552173E-2,-1.420141578E0,-5.380849838E-1
1.580250450E1,-7.323779911E-2,-1.384605646E0,-5.351886153E-1
1.582250450E1,7.234540302E-3,-6.817301512E-1,-3.318701386E-1
1.584250450E1,-2.972179092E-2,-4.945072159E-2,-3.665948287E-2
1.586250450E1,-2.172182053E-1,3.570197523E-1,1.458387822E-1
1.588250450E1,-4.796511233E-1,6.070661545E-1,2.339310050E-1
1.590250450E1,-8.123073578E-1,5.966350436E-1,2.086899728E-1
1.592250450E1,-9.869980216E-1,3.072696328E-1,6.888950616E-2
1.594250450E1,-8.002406359E-1,-1.571970582E-1,-1.236089170E-1
1.596250450E1,-4.611148536E-1,-5.976049304E-1,-3.798773587E-1
1.598250450E1,-2.759760320E-1,-5.592644215E-1,-5.099724531E-1
1.600250450E1,-2.888236940E-1,-1.041819453E-1,-4.540930986E-1
1.602250450E1,-3.698056936E-1,-2.303625457E-2,-4.673373401E-1
1.604250450E1,-5.581715703E-1,-4.406179488E-1,-5.823347569E-1
1.606250450E1,-6.725817323E-1,-8.317433596E-1,-5.596159101E-1
1.608250450E1,-4.932220876E-1,-7.475659251E-1,-4.520886242E-1
1.610250450E1,-2.176005691E-1,-2.142683417E-1,-4.275348485E-1
1.612250450E1,-1.877027005E-1,5.456472933E-2,-3.638832867E-1
1.614250450E1,-4.684695899E-1,-1.179858148E-1,-1.629433781E-1
1.616250450E1,-5.568321943E-1,-2.475430071E-1,-1.242481843E-1
1.618250450E1,-3.935828507E-1,-2.516247928E-1,-1.697259992E-1
1.620250450E1,-1.729113758E-1,2.315948904E-2,-1.303019375E-1
1.622250450E1,-1.779301837E-2,1.015233397E-1,-2.164908871E-2
1.624250450E1,-1.242613420E-2,-5.898617953E-2,4.966483265E-2
1.626250450E1,-4.134247079E-2,-1.105359271E-1,7.174217701E-2
1.628250450E1,9.944774210E-3,4.724400118E-2,8.354766667E-2
1.630250450E1,1.142655239E-1,1.622122079E-1,8.945333213E-2
1.632250450E1,1.745335907E-1,1.457389295E-1,1.047861576E-1
1.634250450E1,1.590453386E-1,1.633913219E-1,9.891631454E-2
1.636250450E1,1.852371544E-1,2.255657613E-1,1.371400058E-1
1.638250450E1,2.422733903E-1,2.249968648E-1,2.026919723E-1
1.640250450E1,3.410963118E-1,2.606986463E-1,2.469512522E-1
1.642250450E1,4.404169023E-1,2.148639411E-1,2.807092667E-1
1.644250450E1,4.595536590E-1,-3.964976966E-2,3.298091292E-1
1.646250450E1,4.173138440E-1,-3.449481428E-1,3.549517691E-1
1.648250450E1,4.426061809E-1,-2.867828310E-1,3.772451580E-1
1.650250450E1,5.842530727E-1,2.263466716E-1,5.031952858E-1
1.652250450E1,5.640277267E-1,6.620504856E-1,6.356071234E-1
1.654250450E1,3.527477682E-1,9.337354302E-1,6.671617627E-1
1.656250450E1,1.660157144E-1,1.201704144E0,6.363710165E-1
1.658250450E1,6.707772613E-2,1.289593816E0,5.817723274E-1
1.660250450E1,6.081227958E-2,1.070790172E0,4.853884876E-1
1.662250450E1,2.113804519E-1,7.418698668E-1,4.272241592E-1
1.664250450E1,3.788571954E-1,5.326547623E-1,3.249517977E-1
1.666250450E1,5.310797691E-1,4.092397392E-1,2.390863448E-1
1.668250450E1,5.746602416E-1,2.779936194E-1,1.595769674E-1
1.670250450E1,4.829193652E-1,2.065843493E-1,1.160972342E-1
1.672250450E1,3.390731514E-1,1.819382757E-1,1.332818419E-1
1.674250450E1,1.999772042E-1,9.168295562E-2,1.300816387E-1
1.676250450E1,1.503475010E-1,-2.731156349E-2,6.162761152E-2
1.678250450E1,2.209075689E-1,-2.321048975E-1,-4.852512851E-2
1.680250450E1,3.298988342E-1,-5.961789489E-1,-2.217847407E-1
1.682250450E1,3.418101668E-1,-9.156062007E-1,-4.222866297E-1
1.684250450E1,2.674368918E-1,-9.132357240E-1,-5.567114949E-1
1.686250450E1,2.150630355E-1,-6.222608685E-1,-4.524247050E-1
1.688250450E1,9.976959974E-2,-2.676441073E-1,-2.104061395E-1
1.690250450E1,-9.311989695E-2,1.505069584E-1,4.626956768E-3
1.692250450E1,-3.413471282E-1,5.518329740E-1,1.688971668E-1
1.694250450E1,-6.652664542E-1,5.216802359E-1,2.781594098E-1
1.696250450E1,-9.877085090E-1,-6.897063553E-2,1.949362159E-1
1.698250450E1,-1.052367568E0,-6.716902852E-1,-8.508439362E-2
1.700250450E1,-7.593141198E-1,-6.854388714E-1,-3.254868686E-1
1.702250450E1,-3.109729588E-1,-2.677616179E-1,-4.559346437E-1
1.704250450E1,-4.000233486E-2,6.431441009E-2,-4.918731749E-1
1.706250450E1,-1.563503444E-1,4.665992782E-2,-5.104478598E-1
1.708250450E1,-4.453750551E-1,-2.661256790E-1,-5.873472691E-1
1.710250450E1,-5.098332167E-1,-4.116642475E-1,-5.575332642E-1
1.712250450E1,-3.446169794E-1,-3.081960380E-1,-4.774038196E-1
1.714250450E1,-1.616319716E-1,-6.212922931E-2,-4.288566113E-1
1.716250450E1,-2.459054887E-1,2.175730094E-2,-4.182596505E-1
1.718250450E1,-5.095577836E-1,-1.423623860E-1,-2.935908437E-1
1.720250450E1,-5.057613254E-1,2.264550328E-2,-1.780026704E-1
1.722250450E1,-3.313734829E-1,7.475629449E-2,-1.195056438E-1
1.724250450E1,-3.406452239E-1,3.886041045E-2,-1.181759387E-1
1.726250450E1,-4.166093767E-1,9.602896869E-2,-5.418759212E-2
1.728250450E1,-3.235553801E-1,1.850440055E-1,2.822074667E-2
1.730250450E1,-1.454585940E-1,2.621364892E-1,2.887153067E-2
1.732250450E1,-4.067719728E-2,2.886083722E-1,2.817995474E-2
1.734250450E1,1.359459478E-2,2.134600580E-1,6.760334224E-2
1.736250450E1,8.929963410E-2,2.015238106E-1,1.052632257E-1
1.738250450E1,8.503999561E-2,2.373572886E-1,9.853418171E-2
1.740250450E1,9.142899513E-2,2.773878276E-1,1.431078315E-1
1.742250450E1,1.720511615E-1,1.496587545E-1,1.802665591E-1
1.744250450E1,2.693540752E-1,-1.596705988E-5,2.251715213E-1
1.746250450E1,3.412852585E-1,-4.631608725E-2,2.910860777E-1
1.748250450E1,3.657067716E-1,-7.405047864E-2,3.741026819E-1
1.750250450E1,3.584834039E-1,-1.773487590E-2,4.412074983E-1
1.752250450E1,3.912253082E-1,5.488323793E-2,5.031820536E-1
1.754250450E1,4.495726824E-1,1.654022932E-2,5.329956412E-1
1.756250450E1,5.015007257E-1,3.983834758E-3,5.404538512E-1
1.758250450E1,5.318176746E-1,6.996287405E-2,5.623602271E-1
1.760250450E1,5.214020610E-1,1.941672564E-1,5.779770613E-1
1.762250450E1,4.953352809E-1,2.644990385E-1,5.501046181E-1
1.764250450E1,4.833975434E-1,2.594934106E-1,4.832977355E-1
1.766250450E1,4.860855639E-1,2.321262360E-1,4.058339000E-1
1.768250450E1,5.293056369E-1,2.266716212E-1,3.631651402E-1
1.770250450E1,5.697126985E-1,2.519598901E-1,3.555079997E-1
1.772250450E1,4.821115136E-1,1.881960332E-1,3.633489311E-1
1.774250450E1,3.287287354E-1,1.774802804E-1,3.847161829E-1
1.776250450E1,2.282199115E-1,3.159269392E-1,3.564854562E-1
1.778250450E1,1.557044387E-1,3.621715307E-1,2.417300045E-1
1.780250450E1,1.318489313E-1,2.268125862E-1,8.093348145E-2
1.782250450E1,1.836452335E-1,-3.307724372E-2,-6.124033034E-2
1.784250450E1,2.035814226E-1,-3.144548833E-1,-2.162348926E-1
1.786250450E1,1.173711643E-1,-5.467172265E-1,-3.463753164E-1
1.788250450E1,2.574341558E-2,-6.437951326E-1,-3.837596774E-1
1.790250450E1,-5.013028625E-3,-5.005924702E-1,-3.724303842E-1
1.792250450E1,-1.265904121E-2,-2.597045302E-1,-3.517424762E-1
1.794250450E1,-8.697381616E-2,-1.277620643E-1,-2.816556990E-1
1.796250450E1,-3.331694901E-1,-7.033192366E-2,-1.872670352E-1
1.798250450E1,-5.817222595E-1,-1.321222931E-1,-9.887301177E-2
1.800250450E1,-5.975081325E-1,-1.531607360E-1,-5.841372907E-2
1.802250450E1,-4.978033602E-1,-1.471015513E-1,-1.370141804E-1
1.804250450E1,-5.030434728E-1,-6.530087441E-2,-2.579846978E-1
1.806250450E1,-5.795208216E-1,1.706550568E-1,-2.645185292E-1
1.808250450E1,-5.868418813E-1,1.835004389E-1,-2.557718158E-1
1.810250450E1,-5.200673342E-1,-1.105592921E-1,-3.756383359E-1
1.812250450E1,-5.446692109E-1,-2.688421607E-1,-5.123276114E-1
1.814250450E1,-5.566926003E-1,-1.977519989E-1,-4.845281839E-1
1.816250450E1,-4.373296797E-1,9.779562056E-2,-4.372206926E-1
1.818250450E1,-3.607950211E-1,2.918675840E-1,-4.768542051E-1
1.820250450E1,-3.824339509E-1,2.746078372E-1,-4.621510506E-1
1.822250450E1,-3.964920640E-1,3.782391548E-2,-4.388240576E-1
1.824250450E1,-3.681905866E-1,-2.876745462E-1,-4.992686808E-1
1.826250450E1,-3.062373698E-1,-4.383192956E-1,-5.011830330E-1
1.828250450E1,-2.733938992E-1,-2.454071939E-1,-4.003784657E-1
1.830250450E1,-3.434056938E-1,-5.816186219E-2,-2.947567999E-1
1.832250450E1,-3.387645483E-1,-5.691757798E-2,-1.778733432E-1
1.834250450E1,-1.375634372E-1,-2.663249150E-2,-7.676514238E-2
1.836250450E1,3.820895031E-2,8.169364184E-3,2.094338182E-3
1.838250450E1,5.745605379E-2,5.768752843E-2,8.314128220E-2
1.840250450E1,3.272131830E-2,1.235058308E-1,1.986759007E-1
1.842250450E1,7.892064750E-2,1.416192353E-1,2.880400717E-1
1.844250450E1,2.565472126E-1,7.448529452E-2,2.677748203E-1
1.846250450E1,4.946408868E-1,4.414264858E-2,2.146200240E-1
1.848250450E1,5.187174678E-1,-7.170952111E-2,1.631271690E-1
1.850250450E1,3.455244005E-1,-2.543803751E-1,1.657353789E-1
1.852250450E1,2.849075496E-1,-2.898581326E-1,2.763657868E-1
1.854250450E1,4.066276252E-1,-1.052267700E-1,3.347948194E-1
1.856250450E1,5.202301145E-1,4.848233983E-2,3.676632941E-1
1.858250450E1,5.138800144E-1,5.835891142E-2,4.886467159E-1
1.860250450E1,4.397070110E-1,8.675702661E-2,5.640287995E-1
1.862250450E1,3.793351650E-1,1.761167794E-1,5.842718482E-1
1.864250450E1,3.931065202E-1,2.913568318E-1,5.614923835E-1
1.866250450E1,4.621477723E-1,3.766884804E-1,5.351315141E-1
1.868250450E1,5.201669335E-1,4.403026700E-1,5.229930878E-1
1.870250450E1,5.337167978E-1,4.427492023E-1,5.146574378E-1
1.872250450E1,4.652846158E-1,4.698191881E-1,4.884819090E-1
1.874250450E1,3.921350837E-1,5.497019887E-1,4.633753300E-1
1.876250450E1,3.465890288E-1,5.543788671E-1,4.240071774E-1
1.878250450E1,3.153146803E-1,4.749654531E-1,3.416699767E-1
1.880250450E1,3.380624354E-1,3.899176717E-1,2.322352380E-1
1.882250450E1,3.499321342E-1,3.008023202E-1,1.321124583E-1
1.884250450E1,2.829587758E-1,1.397857070E-1,5.118731782E-2
1.886250450E1,1.815263331E-1,-8.351410739E-3,-4.175351188E-2
1.888250450E1,1.350225806E-1,-1.486862600E-1,-1.410668194E-1
1.890250450E1,1.781840920E-1,-3.108468354E-1,-2.248928994E-1
1.892250450E1,1.882621199E-1,-4.183690250E-1,-2.927293777E-1
1.894250450E1,7.270226628E-2,-3.908028305E-1,-3.254346251E-1
1.896250450E1,-8.205234259E-2,-3.365955055E-1,-2.609522641E-1
1.898250450E1,-2.063800097E-1,-2.056298554E-1,-1.509802639E-1
1.900250450E1,-2.993255258E-1,-1.610477082E-2,-4.807203636E-2
1.902250450E1,-4.286503196E-1,4.426763579E-2,3.581011295E-2
1.904250450E1,-5.857185721E-1,-4.237108398E-3,4.671790451E-2
1.906250450E1,-6.699674129E-1,-1.003336534E-1,-3.953166679E-2
1.908250450E1,-6.408709288E-1,-2.343492359E-1,-1.933368742E-1
1.910250450E1,-5.903028250E-1,-4.020549059E-1,-3.788603544E-1
1.912250450E1,-4.786287248E-1,-3.554967046E-1,-4.271061718E-1
1.914250450E1,-3.235593736E-1,-1.422778070E-1,-4.161826074E-1
1.916250450E1,-3.460972905E-1,-1.591674984E-1,-5.229527354E-1
1.918250450E1,-4.865694046E-1,-3.746848404E-1,-6.029335260E-1
1.920250450E1,-4.484963715E-1,-3.679225743E-1,-5.406246781E-1
1.922250450E1,-3.439655602E-1,-2.069858313E-1,-5.407153368E-1
1.924250450E1,-3.211881518E-1,-2.061651647E-1,-5.180813670E-1
1.926250450E1,-3.771446049E-1,-2.879444063E-1,-4.496924579E-1
1.928250450E1,-4.212507606E-1,-3.258143663E-1,-3.953103125E-1
1.930250450E1,-4.224446714E-1,-2.312444896E-1,-3.533809185E-1
1.932250450E1,-4.323183000E-1,-1.648383141E-1,-2.977317274E-1
1.934250450E1,-4.717838168E-1,-2.522386014E-1,-2.750141919E-1
1.936250450E1,-4.321844876E-1,-3.274701238E-1,-2.647507489E-1
1.938250450E1,-2.962657213E-1,-3.628629744E-1,-2.276220322E-1
1.940250450E1,-1.836756468E-1,-3.714081049E-1,-1.618693471E-1
1.942250450E1,-1.750649810E-1,-3.974376321E-1,-9.682708979E-2
1.944250450E1,-1.558864266E-1,-3.664519787E-1,-1.448847726E-2
1.946250450E1,-1.885284111E-2,-2.238178551E-1,4.703041539E-2
1.948250450E1,1.678310484E-1,1.522831619E-2,1.187652349E-1
1.950250450E1,2.706852555E-1,1.240470037E-1,2.028295100E-1
1.952250450E1,2.655677795E-1,1.000400260E-1,2.604712248E-1
1.954250450E1,2.225362062E-1,1.258105338E-1,2.766426206E-1
1.956250450E1,2.197631150E-1,2.080341876E-1,2.822372913E-1
1.958250450E1,2.434803993E-1,2.065175623E-1,2.563483417E-1
1.960250450E1,3.134202361E-1,1.054548696E-1,2.087202221E-1
1.962250450E1,4.134302139E-1,-7.520814985E-2,1.729394197E-1
1.964250450E1,4.990787208E-1,-2.035407126E-1,1.794645339E-1
1.966250450E1,5.347563624E-1,-1.942885369E-1,2.612913847E-1
1.968250450E1,5.243868232E-1,-4.778744653E-2,3.966055214E-1
1.970250450E1,5.550794005E-1,2.306426913E-1,5.370697975E-1
1.972250450E1,5.567567348E-1,3.248457909E-1,5.977010727E-1
1.974250450E1,4.762488902E-1,3.000443876E-1,6.049898267E-1
1.976250450E1,4.554259777E-1,3.509769440E-1,6.323540211E-1
1.978250450E1,4.787089825E-1,4.517354369E-1,6.421953440E-1
1.980250450E1,5.255053639E-1,4.633311331E-1,6.018328071E-1
1.982250450E1,5.372404456E-1,3.590289354E-1,4.790711403E-1
1.984250450E1,4.951793253E-1,2.811949551E-1,3.596999049E-1
1.986250450E1,3.890309930E-1,4.092033505E-1,2.993706167E-1
1.988250450E1,3.715122342E-1,4.752683043E-1,2.584304512E-1
1.990250450E1,4.313706458E-1,3.716523647E-1,1.820680797E-1
1.992250450E1,4.340115190E-1,1.461151242E-1,6.396653503E-2
1.994250450E1,3.217120767E-1,-1.363729239E-1,-9.031587094E-2
1.996250450E1,1.491890997E-1,-3.774179816E-1,-2.078843266E-1
1.998250450E1,4.533115774E-2,-4.876724482E-1,-2.645847201E-1
2.000250450E1,6.508510560E-2,-5.326804519E-1,-3.005171120E-1
2.002250450E1,1.397552639E-1,-6.291632652E-1,-3.356654942E-1
2.004250450E1,1.778990924E-1,-6.493307948E-1,-3.725942671E-1
2.006250450E1,1.200427264E-1,-4.711757302E-1,-3.046144247E-1
2.008250450E1,-8.011055738E-2,-5.136323720E-2,-8.843155205E-2
2.010250450E1,-3.868914247E-1,4.209925830E-1,1.288404614E-1
2.012250450E1,-7.962959409E-1,5.137993097E-1,2.530390620E-1
2.014250450E1,-1.142925739E0,1.841199398E-1,2.242076248E-1
2.016250450E1,-1.156063914E0,-1.857596785E-1,2.911159955E-2
2.018250450E1,-8.278188705E-1,-2.009401768E-1,-2.328172326E-1
2.020250450E1,-4.211149216E-1,8.515360951E-2,-3.988278806E-1
2.022250450E1,-2.049215436E-1,3.319151700E-1,-4.376151860E-1
2.024250450E1,-3.166997731E-1,1.783747822E-1,-5.496712923E-1
2.026250450E1,-4.978955388E-1,-1.426799297E-1,-6.538588405E-1
2.028250450E1,-5.126498342E-1,-8.395075798E-2,-6.800128818E-1
2.030250450E1,-4.026348293E-1,5.049458519E-2,-6.674734950E-1
2.032250450E1,-2.960822284E-1,1.223793533E-2,-6.291030645E-1
2.034250450E1,-2.981289923E-1,-2.258219868E-1,-6.048914194E-1
2.036250450E1,-3.811943233E-1,-3.165367842E-1,-5.014597178E-1
2.038250450E1,-4.139407575E-1,2.712591924E-2,-3.174580634E-1
2.040250450E1,-4.217636883E-1,3.119357228E-1,-2.000763565E-1
2.042250450E1,-5.126287937E-1,3.744912148E-1,-1.231382787E-1
2.044250450E1,-5.332865715E-1,3.912155628E-1,-6.063321233E-2
2.046250450E1,-3.447729945E-1,2.600395679E-1,-3.183888644E-2
2.048250450E1,-7.467050105E-2,9.398777038E-3,-7.463540882E-2
2.050250450E1,3.795559704E-2,-2.075833976E-1,-1.172454357E-1
2.052250450E1,7.137343055E-4,-1.920118332E-1,-4.897505045E-2
2.054250450E1,1.528919395E-2,5.157785490E-2,9.791620821E-2
2.056250450E1,1.167676151E-1,1.674724966E-1,1.734839380E-1
2.058250450E1,2.061192095E-1,1.121753380E-1,1.749502420E-1
2.060250450E1,2.243774533E-1,1.083541140E-1,1.868185699E-1
2.062250450E1,2.811519802E-1,8.886508644E-2,1.697689444E-1
2.064250450E1,3.498119116E-1,9.175368398E-2,1.558316648E-1
2.066250450E1,3.883185387E-1,1.291014254E-1,2.018770278E-1
2.068250450E1,4.243458807E-1,1.325404197E-1,2.645468712E-1
2.070250450E1,4.249380827E-1,8.057703823E-2,3.368947506E-1
2.072250450E1,4.186120033E-1,1.111162379E-1,4.059106708E-1
2.074250450E1,4.215732813E-1,2.451530844E-1,4.580996335E-1
2.076250450E1,4.134820402E-1,3.978953958E-1,4.957989752E-1
2.078250450E1,4.097075164E-1,5.119340420E-1,5.283862352E-1
2.080250450E1,3.855286539E-1,5.064201355E-1,5.147027373E-1
2.082250450E1,3.937320709E-1,4.358998835E-1,5.202491283E-1
2.084250450E1,4.436919987E-1,4.170240462E-1,5.200533271E-1
2.086250450E1,4.577571452E-1,3.898714781E-1,5.192216635E-1
2.088250450E1,4.475989640E-1,4.108004868E-1,5.189557076E-1
2.090250450E1,4.338620901E-1,4.320659637E-1,4.832545221E-1
2.092250450E1,3.899334967E-1,3.707107604E-1,4.116990566E-1
2.094250450E1,3.944884241E-1,2.735078633E-1,3.522070944E-1
2.096250450E1,3.786429167E-1,1.267571002E-1,2.798624933E-1
2.098250450E1,2.651734054E-1,-3.268077597E-2,1.866770238E-1
2.100250450E1,1.758559793E-1,-1.178612411E-1,9.558807313E-2
2.102250450E1,1.723549366E-1,-9.198276699E-2,1.736457273E-2
2.104250450E1,2.102043927E-1,-5.840154737E-2,-5.896770209E-2
2.106250450E1,1.812677383E-1,-1.425359547E-1,-1.751313806E-1
2.108250450E1,7.875492424E-2,-3.845967352E-1,-2.744263411E-1
2.110250450E1,-8.081713319E-2,-5.162975192E-1,-3.212156296E-1
2.112250450E1,-2.108477652E-1,-4.242756069E-1,-3.196308613E-1
2.114250450E1,-2.703987956E-1,-2.715450227E-1,-2.567495406E-1
2.116250450E1,-3.099661469E-1,-2.037520409E-1,-1.918353587E-1
2.118250450E1,-3.282957673E-1,-2.652489841E-1,-1.762301475E-1
2.120250450E1,-3.759937584E-1,-3.569844365E-1,-2.081484199E-1
2.122250450E1,-4.754672348E-1,-3.280498385E-1,-2.300428301E-1
2.124250450E1,-5.932357907E-1,-1.563253552E-1,-2.438409030E-1
2.126250450E1,-7.422304749E-1,3.106475994E-2,-3.135828376E-1
2.128250450E1,-7.535691261E-1,1.312521985E-3,-3.837103546E-1
2.130250450E1,-5.357497334E-1,-1.757504046E-1,-4.845258892E-1
2.132250450E1,-4.017720222E-1,-2.336660624E-1,-5.938520432E-1
2.134250450E1,-4.724774957E-1,-5.630504340E-2,-5.896077156E-1
2.136250450E1,-5.963341594E-1,1.388704032E-1,-5.404407382E-1
2.138250450E1,-6.103841662E-1,1.428732425E-1,-5.322523713E-1
2.140250450E1,-5.566725731E-1,-1.314138714E-2,-5.935342312E-1
2.142250450E1,-4.549710453E-1,-1.405592859E-1,-6.008737087E-1
2.144250450E1,-3.442672193E-1,-8.833279461E-2,-4.637462795E-1
2.146250450E1,-3.035198152E-1,-2.817831002E-2,-3.585363328E-1
2.148250450E1,-3.249415159E-1,6.119821221E-2,-2.666328251E-1
2.150250450E1,-4.952199459E-1,8.391909301E-2,-1.630516350E-1
2.152250450E1,-6.090130806E-1,7.668691128E-2,-1.037107110E-1
2.154250450E1,-3.301073313E-1,7.060181350E-2,-4.230366647E-2
2.156250450E1,2.788584121E-2,2.058728784E-1,-2.287212759E-2
2.158250450E1,9.065364301E-2,7.176782191E-2,-3.576096147E-2
2.160250450E1,1.945254765E-2,-1.177289486E-1,4.380698502E-2
2.162250450E1,7.578906417E-2,8.791609108E-2,1.094158292E-1
2.164250450E1,1.676940024E-1,2.030402124E-1,1.249637678E-1
2.166250450E1,2.317964137E-1,3.800070286E-2,1.534266323E-1
2.168250450E1,3.007153571E-1,-1.546811014E-1,1.905929595E-1
2.170250450E1,3.538253307E-1,-1.913245320E-1,2.404804081E-1
2.172250450E1,3.902182877E-1,-1.766394228E-1,3.004946411E-1
2.174250450E1,4.183535278E-1,-1.864567846E-1,3.835574687E-1
2.176250450E1,4.558086395E-1,-1.231239587E-1,4.646437764E-1
2.178250450E1,4.701307118E-1,-7.060221583E-2,5.168101788E-1
2.180250450E1,4.820039868E-1,-3.558535129E-2,5.330134630E-1
2.182250450E1,5.239000916E-1,-2.769601159E-2,5.115535259E-1
2.184250450E1,5.711492896E-1,-7.231437601E-3,4.780287147E-1
2.186250450E1,6.119221449E-1,3.204773739E-2,4.763349295E-1
2.188250450E1,6.509261131E-1,1.022311449E-1,4.633280635E-1
2.190250450E1,6.641232967E-1,2.056268305E-1,4.472315311E-1
2.192250450E1,6.392189264E-1,3.028474450E-1,4.706575871E-1
2.194250450E1,5.703408718E-1,3.197521865E-1,5.171997547E-1
2.196250450E1,5.302603841E-1,3.697738051E-1,5.492734313E-1
2.198250450E1,5.102225542E-1,4.552780390E-1,5.019802451E-1
2.200250450E1,4.458519518E-1,5.126366615E-1,4.392307699E-1
2.202250450E1,3.184168041E-1,4.907314479E-1,3.862401545E-1
2.204250450E1,2.110518217E-1,4.461113811E-1,3.009262979E-1
2.206250450E1,1.954844296E-1,3.101315200E-1,1.890514791E-1
2.208250450E1,2.007393390E-1,6.015251949E-2,2.664367482E-2
2.210250450E1,2.166140974E-1,-1.667112708E-1,-1.256284714E-1
2.212250450E1,1.805936098E-1,-3.276611865E-1,-2.351779044E-1
2.214250450E1,5.706724897E-2,-4.248777330E-1,-3.311232030E-1
2.216250450E1,1.297645457E-2,-5.140658617E-1,-3.878076077E-1
2.218250450E1,5.890836939E-2,-5.261196494E-1,-4.219861925E-1
2.220250450E1,7.049939036E-2,-4.522721767E-1,-4.044865966E-1
2.222250450E1,-3.029118478E-2,-2.698020041E-1,-2.723136544E-1
2.224250450E1,-2.315291017E-1,-9.121139348E-2,-9.378301352E-2
2.226250450E1,-4.971489906E-1,-1.202040017E-1,-9.578762576E-3
2.228250450E1,-7.681453824E-1,-2.424182147E-1,-3.556981683E-3
2.230250450E1,-8.989257812E-1,-2.708746493E-1,-5.566598475E-2
2.232250450E1,-8.312509060E-1,-2.739142179E-1,-1.805481762E-1
2.234250450E1,-5.441559553E-1,-3.014819324E-1,-3.043763638E-1
2.236250450E1,-1.816152036E-1,-3.223367035E-1,-3.681085408E-1
2.238250450E1,-1.645693183E-1,-4.385177493E-1,-4.985454679E-1
2.240250450E1,-3.961619139E-1,-5.941870809E-1,-5.874630809E-1
2.242250450E1,-4.626577199E-1,-3.761574328E-1,-4.942441285E-1
2.244250450E1,-4.404627979E-1,-7.109265029E-2,-3.887250125E-1
2.246250450E1,-5.055506825E-1,-1.198255643E-1,-3.266363442E-1
2.248250450E1,-6.294014454E-1,-2.107315958E-1,-2.916176915E-1
2.250250450E1,-6.374345422E-1,6.938612089E-3,-2.750281692E-1
2.252250450E1,-5.015410781E-1,2.779479921E-1,-2.968100905E-1
2.254250450E1,-4.045526385E-1,3.776423335E-1,-3.283577859E-1
2.256250450E1,-4.204706848E-1,2.753090560E-1,-3.176205158E-1
2.258250450E1,-4.520590603E-1,1.540883780E-1,-2.453778684E-1
2.260250450E1,-3.630479276E-1,2.772400379E-1,-2.027751207E-1
2.262250450E1,-2.139697969E-1,4.665598273E-1,-1.533931643E-1
2.264250450E1,-1.321632415E-1,4.026524723E-1,-8.551811427E-2
2.266250450E1,-3.758346662E-2,1.416512281E-1,-2.864710987E-2
2.268250450E1,1.102528200E-1,-5.720576271E-2,-1.936783455E-2
2.270250450E1,2.279883474E-1,-1.020523384E-1,2.267216519E-2
2.272250450E1,2.752016783E-1,-8.779475093E-2,1.410277486E-1
2.274250450E1,3.041391671E-1,-5.683604628E-2,2.740091085E-1
2.276250450E1,2.703422308E-1,2.046754584E-2,3.780056536E-1
2.278250450E1,2.082272023E-1,1.604763120E-1,4.471811056E-1
2.280250450E1,1.688950956E-1,3.345518708E-1,4.955565035E-1
2.282250450E1,2.097770721E-1,4.143832624E-1,5.176638365E-1
2.284250450E1,3.155957758E-1,3.616607487E-1,5.053533912E-1
2.286250450E1,4.336889982E-1,2.053809017E-1,4.491605759E-1
2.288250450E1,4.938485026E-1,1.904066801E-1,4.133072793E-1
2.290250450E1,4.638829231E-1,2.284364551E-1,4.057651162E-1
2.292250450E1,4.273850620E-1,1.179266274E-1,4.266108274E-1
2.294250450E1,4.813692272E-1,-4.222420231E-2,4.448213577E-1
2.296250450E1,6.514836550E-1,-1.340773851E-1,4.511966109E-1
2.298250450E1,7.373816371E-1,-7.118245959E-2,4.222117960E-1
2.300250450E1,6.365100145E-1,4.888514429E-2,4.840002060E-1
2.302250450E1,4.644301236E-1,1.737191528E-1,5.969169140E-1
2.304250450E1,3.390114009E-1,2.211549133E-1,6.076522470E-1
2.306250450E1,2.678330839E-1,1.697575897E-1,5.308156610E-1
2.308250450E1,2.696897984E-1,1.567567699E-2,4.000621140E-1
2.310250450E1,3.097246289E-1,-8.595678210E-2,2.292263508E-1
2.312250450E1,3.408452570E-1,-6.574818492E-2,6.054386124E-2
2.314250450E1,3.111682236E-1,-1.090433076E-1,-9.799149632E-2
2.316250450E1,2.575979233E-1,-3.171365559E-1,-1.902303547E-1
2.318250450E1,2.098557502E-1,-5.566193461E-1,-2.391614318E-1
2.320250450E1,1.658023894E-1,-6.223181486E-1,-3.150646687E-1
2.322250450E1,1.143755615E-1,-5.024402738E-1,-4.088215530E-1
2.324250450E1,3.657054529E-2,-3.667254150E-1,-4.181058109E-1
2.326250450E1,-2.410373837E-2,-1.649814844E-1,-2.916689515E-1
2.328250450E1,-1.118149310E-1,1.498537809E-1,-1.301357895E-1
2.330250450E1,-2.980344892E-1,2.479033321E-1,-1.363878883E-2
2.332250450E1,-5.893713236E-1,1.448869556E-1,5.076856166E-2
2.334250450E1,-8.203666210E-1,4.179650545E-2,-1.018919609E-2
2.336250450E1,-7.833101153E-1,-5.345017835E-2,-2.112900615E-1
2.338250450E1,-4.989585280E-1,-9.926723689E-2,-3.737989962E-1
2.340250450E1,-2.586169243E-1,-5.089845508E-2,-4.435108304E-1
2.342250450E1,-2.157801688E-1,-1.484001875E-1,-5.077683330E-1
2.344250450E1,-3.264434934E-1,-3.029190302E-1,-5.371584892E-1
2.346250450E1,-5.010254979E-1,-4.510937333E-1,-5.206000209E-1
2.348250450E1,-5.278124809E-1,-3.696670830E-1,-5.092118382E-1
2.350250450E1,-4.756700695E-1,-8.363400400E-2,-4.993348718E-1
2.352250450E1,-4.404751062E-1,-1.867357828E-2,-4.281595945E-1
2.354250450E1,-4.266522825E-1,-2.034144551E-1,-3.845739961E-1
2.356250450E1,-4.237763584E-1,-4.004855156E-1,-3.593511879E-1
2.358250450E1,-4.169550538E-1,-3.224677444E-1,-3.145299554E-1
2.360250450E1,-3.593890667E-1,-1.255235225E-1,-2.731517255E-1
2.362250450E1,-4.008906484E-1,-1.424287111E-1,-3.069736063E-1
2.364250450E1,-5.097367764E-1,-1.973506063E-1,-3.387235403E-1
2.366250450E1,-4.091499746E-1,-9.383377433E-2,-3.125555813E-1
2.368250450E1,-1.537790149E-1,9.080399573E-2,-2.529253960E-1
2.370250450E1,-7.349925488E-2,1.611098498E-1,-1.758430153E-1
2.372250450E1,-7.998547703E-2,2.103220485E-2,-6.463415176E-2
2.374250450E1,-1.493156515E-2,-1.692225225E-3,4.473233968E-2
2.376250450E1,7.234970480E-2,4.948572442E-2,1.011368930E-1
2.378250450E1,1.296255738E-1,5.916463956E-2,1.496872753E-1
2.380250450E1,1.015029624E-1,1.353162713E-2,1.982837021E-1
2.382250450E1,1.070598215E-1,-2.512827143E-2,2.391624600E-1
2.384250450E1,1.291695684E-1,-1.843533665E-2,2.527821660E-1
2.386250450E1,1.776833683E-1,1.219223905E-2,2.866641283E-1
2.388250450E1,2.447507083E-1,1.011615396E-1,3.065665960E-1
2.390250450E1,2.621778250E-1,2.053428143E-1,3.091359437E-1
2.392250450E1,3.122283816E-1,3.007045984E-1,3.398411274E-1
2.394250450E1,4.220672250E-1,4.121084213E-1,3.836154640E-1
2.396250450E1,4.421498477E-1,4.524719715E-1,3.855050504E-1
2.398250450E1,3.780280054E-1,4.243342280E-1,3.489039242E-1
2.400250450E1,4.201272130E-1,4.767080545E-1,3.439242244E-1
2.402250450E1,5.895615220E-1,5.230420828E-1,3.361229300E-1
2.404250450E1,7.334063649E-1,2.808969617E-1,3.184127808E-1
2.406250450E1,8.083956838E-1,-6.512822583E-3,3.122501373E-1
2.408250450E1,7.998018861E-1,-9.219932556E-2,3.009631336E-1
2.410250450E1,6.536309123E-1,5.201392993E-2,3.377797008E-1
2.412250450E1,4.379756749E-1,2.569063306E-1,4.948597550E-1
2.414250450E1,3.718667030E-1,5.213682055E-1,6.505554318E-1
2.416250450E1,3.163636327E-1,7.224907875E-1,6.840881109E-1
2.418250450E1,1.252997667E-1,6.616407633E-1,5.810380578E-1
2.420250450E1,-6.683419645E-2,3.650936484E-1,4.518844783E-1
2.422250450E1,-1.225781292E-1,7.734077424E-2,2.711141109E-1
2.424250450E1,-3.942239657E-2,6.224925816E-2,1.414187104E-1
2.426250450E1,6.993661076E-2,3.183878064E-1,3.033115715E-2
2.428250450E1,1.260248721E-1,5.273634195E-1,-1.222073287E-1
2.430250450E1,1.362079382E-1,3.570571542E-1,-2.666596472E-1
2.432250450E1,6.718780845E-2,1.432292722E-2,-3.973582387E-1
2.434250450E1,-2.779989503E-2,-2.664989829E-1,-4.665083885E-1
2.436250450E1,-3.657903895E-2,-4.011728466E-1,-4.507580101E-1
2.438250450E1,8.834812790E-2,-4.127622247E-1,-4.417376518E-1
2.440250450E1,1.391659528E-1,-4.384571910E-1,-4.558426142E-1
2.442250450E1,-7.762923837E-2,-5.925588608E-1,-3.679117858E-1
2.444250450E1,-4.113793075E-1,-4.865633547E-1,-1.886167526E-1
2.446250450E1,-6.795578599E-1,-1.647406518E-1,-5.779613554E-2
2.448250450E1,-8.186799884E-1,-8.207631111E-2,2.717783675E-3
2.450250450E1,-8.124141097E-1,-3.164812326E-1,-7.727388293E-2
2.452250450E1,-6.314830780E-1,-6.932114363E-1,-2.325487584E-1
2.454250450E1,-3.660303652E-1,-9.363294244E-1,-4.144684076E-1
2.456250450E1,-2.466404587E-1,-9.611636400E-1,-5.208246112E-1
2.458250450E1,-3.818315268E-1,-8.056000471E-1,-4.673211873E-1
2.460250450E1,-4.847400486E-1,-6.117880940E-1,-3.342503309E-1
2.462250450E1,-3.582857847E-1,-4.241000712E-1,-3.295698166E-1
2.464250450E1,-2.850909531E-1,-3.784134388E-1,-4.257007539E-1
2.466250450E1,-3.566763699E-1,-4.593875110E-1,-4.277719259E-1
2.468250450E1,-4.759209752E-1,-3.395233154E-1,-3.627898097E-1
2.470250450E1,-5.471729040E-1,2.277331613E-2,-2.736037970E-1
2.472250450E1,-3.794132471E-1,1.803668737E-1,-1.769832373E-1
2.474250450E1,-1.782911420E-1,2.235634327E-1,-2.123107463E-1
2.476250450E1,-2.450476140E-1,3.774296865E-2,-2.358670235E-1
2.478250450E1,-3.347114921E-1,-9.289806336E-2,-1.931426078E-1
2.480250450E1,-2.570876181E-1,4.880642146E-2,-2.213155329E-1
2.482250450E1,-1.707370430E-1,1.309109032E-1,-2.246853113E-1
2.484250450E1,-1.626898050E-1,1.158242673E-2,-1.425415128E-1
2.486250450E1,-1.403898895E-1,-1.605109125E-1,-3.056454845E-2
2.488250450E1,1.721772552E-2,-8.587749302E-2,6.669777632E-2
2.490250450E1,1.488821357E-1,1.565054618E-2,1.545246094E-1
2.492250450E1,1.440144181E-1,-4.197670147E-2,2.314312905E-1
2.494250450E1,1.616411060E-1,-1.993544772E-2,2.714537084E-1
2.496250450E1,1.766750664E-1,8.260625601E-2,2.872795165E-1
2.498250450E1,1.732862890E-1,1.860988140E-1,2.997418940E-1
2.500250450E1,1.829121709E-1,2.020289600E-1,3.328204453E-1
2.502250450E1,2.160802782E-1,2.212324440E-1,3.710368872E-1
2.504250450E1,2.934617996E-1,3.248990774E-1,3.704472780E-1
2.506250450E1,4.175381660E-1,3.481080532E-1,3.745729625E-1
2.508250450E1,5.006911159E-1,2.498021871E-1,3.672986329E-1
2.510250450E1,5.185995102E-1,1.478762925E-1,3.960980773E-1
2.512250450E1,4.520290494E-1,1.837321073E-1,4.699328542E-1
2.514250450E1,4.347364306E-1,3.389539123E-1,5.505955219E-1
2.516250450E1,4.852065444E-1,4.220688641E-1,5.629144907E-1
2.518250450E1,4.318922460E-1,4.245565236E-1,5.111218691E-1
2.520250450E1,3.850858510E-1,3.342489302E-1,5.102673769E-1
2.522250450E1,4.210003912E-1,2.756619751E-1,4.913682640E-1
2.524250450E1,5.317270160E-1,3.055516183E-1,4.535997212E-1
2.526250450E1,6.717147231E-1,4.025374949E-1,4.213898778E-1
2.528250450E1,6.799636483E-1,5.309933424E-1,3.866380155E-1
2.530250450E1,5.238388777E-1,6.749420166E-1,3.960954547E-1
2.532250450E1,4.208164215E-1,6.541395783E-1,3.865241110E-1
2.534250450E1,3.603228331E-1,5.143582821E-1,2.644410729E-1
2.536250450E1,2.500644326E-1,4.563371241E-1,1.651165336E-1
2.538250450E1,8.713348955E-2,4.368732274E-1,1.174705699E-1
2.540250450E1,-7.716498338E-3,4.236744642E-1,4.371402040E-2
2.542250450E1,-8.789561689E-2,4.515590072E-1,-5.449781194E-2
2.544250450E1,-1.922566742E-1,3.106027544E-1,-1.705344766E-1
2.546250450E1,-1.688257158E-1,1.267744303E-1,-2.710689902E-1
2.548250450E1,6.338950992E-2,-8.443652838E-2,-3.334258199E-1
2.550250450E1,3.827334642E-1,-3.417491615E-1,-3.688517809E-1
2.552250450E1,5.382196307E-1,-5.592675209E-1,-4.115837514E-1
2.554250450E1,3.278878629E-1,-6.997907758E-1,-3.662853241E-1
2.556250450E1,-1.714207530E-1,-5.903307199E-1,-1.779845655E-1
2.558250450E1,-5.147064328E-1,-1.380584687E-1,-2.010720968E-2
2.560250450E1,-7.164582610E-1,-7.576843724E-3,1.627628505E-2
2.562250450E1,-8.488464952E-1,-2.360015512E-1,-5.235069618E-2
2.564250450E1,-8.079177141E-1,-4.575022459E-1,-1.645361781E-1
2.566250450E1,-5.636297464E-1,-4.581113458E-1,-3.016818166E-1
2.568250450E1,-3.324226737E-1,-2.067025602E-1,-3.888167143E-1
2.570250450E1,-2.841514349E-1,2.020176686E-2,-3.890560865E-1
2.572250450E1,-3.897402287E-1,-3.384911269E-2,-4.090906680E-1
2.574250450E1,-4.500169456E-1,-2.525961399E-1,-4.487601221E-1
2.576250450E1,-3.800285161E-1,-1.808617860E-1,-4.627333879E-1
2.578250450E1,-2.516402900E-1,-1.307541281E-1,-5.090512037E-1
2.580250450E1,-2.305872589E-1,-4.357927740E-1,-6.064082980E-1
2.582250450E1,-2.367999703E-1,-7.392589450E-1,-6.375973821E-1
2.584250450E1,-2.057103068E-1,-6.713504791E-1,-5.918997526E-1
2.586250450E1,-1.402510554E-1,-4.467479885E-1,-4.795859456E-1
2.588250450E1,-2.162930965E-1,-4.406320155E-1,-3.444827497E-1
2.590250450E1,-3.908452392E-1,-3.561865687E-1,-1.837051213E-1
2.592250450E1,-4.393584728E-1,-6.433057040E-2,-1.018975824E-1
2.594250450E1,-4.562581182E-1,1.903394014E-1,-1.024602130E-1
2.596250450E1,-4.683669806E-1,2.757161260E-1,-1.283546686E-1
2.598250450E1,-3.523723185E-1,1.450560242E-1,-1.564177722E-1
2.600250450E1,-1.602648944E-1,2.136623487E-2,-2.311808765E-1
2.602250450E1,-7.160776109E-2,9.264977276E-2,-2.479487509E-1
2.604250450E1,-8.119504154E-2,2.615144253E-1,-1.817240566E-1
2.606250450E1,-9.614925086E-2,3.727802634E-1,-9.290504456E-2
2.608250450E1,-8.626820892E-2,3.761435449E-1,-1.586012542E-2
2.610250450E1,-1.922146231E-2,3.071630597E-1,5.665338412E-2
2.612250450E1,8.423568308E-2,3.475182056E-1,1.494208723E-1
2.614250450E1,1.076707169E-1,2.931224704E-1,2.317500114E-1
2.616250450E1,9.988562763E-2,2.282159626E-1,2.596115172E-1
2.618250450E1,1.162138283E-1,1.444631368E-1,2.474576086E-1
2.620250450E1,1.475142837E-1,4.137768596E-2,2.527611852E-1
2.622250450E1,2.267896235E-1,3.270184621E-2,2.780140936E-1
2.624250450E1,2.996760309E-1,7.272147387E-2,2.906198204E-1
2.626250450E1,3.186153471E-1,-1.959410496E-2,3.072068095E-1
2.628250450E1,2.573437691E-1,-4.061477259E-2,3.507045507E-1
2.630250450E1,2.045666426E-1,9.581393003E-2,4.597842395E-1
2.632250450E1,2.010533959E-1,2.736526430E-1,5.714582801E-1
2.634250450E1,2.396517694E-1,4.109109938E-1,6.195870042E-1
2.636250450E1,3.018005788E-1,4.656596482E-1,6.159589291E-1
2.638250450E1,3.187602460E-1,5.909754634E-1,6.130008698E-1
2.640250450E1,2.189689726E-1,8.944494724E-1,6.552456021E-1
2.642250450E1,1.050594747E-1,1.257045507E0,7.086434364E-1
2.644250450E1,9.138074517E-2,1.365834713E0,6.735175252E-1
2.646250450E1,1.661369503E-1,1.170356154E0,5.137967467E-1
2.648250450E1,3.288580179E-1,8.793806434E-1,3.920925558E-1
2.650250450E1,4.886543155E-1,8.005759716E-1,3.203687370E-1
2.652250450E1,5.875366330E-1,5.976705551E-1,2.563286722E-1
2.654250450E1,6.198146343E-1,6.614812464E-2,1.828963906E-1
2.656250450E1,6.022352576E-1,-4.762329757E-1,1.918582171E-1
2.658250450E1,6.357418895E-1,-5.692951679E-1,2.907158136E-1
2.660250450E1,7.771741748E-1,-3.093175590E-1,3.255922496E-1
2.662250450E1,9.349954128E-1,-2.189359367E-1,3.950167298E-1
2.664250450E1,1.036443591E0,-2.193842679E-1,6.619027257E-1
2.666250450E1,1.136140227E0,-1.153394356E-1,9.765969515E-1
2.668250450E1,1.237189174E0,-1.301685423E-1,1.137720704E0
2.670250450E1,1.340082049E0,-3.922190070E-1,1.082357168E0
2.672250450E1,1.534609318E0,-5.216726065E-1,8.408023119E-1
2.674250450E1,1.777081013E0,-8.170897961E-1,4.743300974E-1
2.676250450E1,2.060590029E0,-3.588652909E-1,2.695168182E-2
2.678250450E1,2.549359322E0,4.779921472E-1,-3.477157056E-1
2.680250450E1,5.632861137E0,2.044518739E-1,-8.863587976E-1
2.682250450E1,7.195749760E0,1.680467606E0,-1.568901539E0
2.684250450E1,7.657629013E0,2.460935831E0,-1.744447947E0
2.686250450E1,7.750143528E0,1.111023068E0,-6.126331687E-1
2.688250450E1,7.712310791E0,3.859537840E-1,1.285228372E0
2.690250450E1,7.802160263E0,2.198864937E0,2.382537603E0
2.692250450E1,8.215154648E0,5.497634411E-1,1.859775782E0
2.694250450E1,7.980452538E0,-2.379958153E0,1.353555620E-1
2.696250450E1,6.976356030E0,-3.196536005E-1,-7.501410842E-1
2.698250450E1,6.330385208E0,1.272694945E0,-1.140395045E0
2.700250450E1,5.291587353E0,2.424209595E0,-2.066573381E0
2.702250450E1,2.631539345E0,5.174848437E-1,-1.037848711E0
2.704250450E1,9.659704566E-1,2.171969861E-1,-1.565156132E-1
2.706250450E1,-6.797939539E-1,-9.131368250E-3,1.830504388E-1
2.708250450E1,-1.669908047E0,1.351778805E-1,3.772886693E-1
2.710250450E1,-9.125338197E-1,9.119453430E-1,5.486594886E-2
2.712250450E1,-6.623532772E-1,8.432468772E-1,-6.183421984E-2
2.714250450E1,4.496389329E-1,-3.878192604E-2,-2.190844342E-2
2.716250450E1,1.475027204E0,-5.223789811E-1,-5.552576780E-1
2.718250450E1,1.302478909E0,-1.835653633E-1,-5.715939403E-1
2.720250450E1,7.164274454E-1,3.453950882E-1,4.115851969E-2
2.722250450E1,4.194932878E-1,3.734839261E-1,5.896116495E-1
2.724250450E1,2.316790968E-1,4.673464894E-1,5.920276046E-1
2.726250450E1,2.978572249E-1,5.679128766E-1,4.565683901E-1
2.728250450E1,6.908473969E-1,4.045603871E-1,4.747751355E-1
2.730250450E1,1.047042966E0,1.235979348E-1,5.818365216E-1
2.732250450E1,1.068320155E0,-3.474048804E-3,7.392454743E-1
2.734250450E1,9.915837049E-1,-9.556022286E-2,8.685103655E-1
2.736250450E1,8.651489615E-1,-4.638955742E-2,9.610218406E-1
2.738250450E1,7.073782682E-1,9.329588711E-2,1.035623908E0
2.740250450E1,6.116889119E-1,1.332622766E-1,1.073457479E0
2.742250450E1,6.693468094E-1,2.629277855E-2,1.097318172E0
2.744250450E1,5.705362558E-1,-1.423093081E-1,1.116807222E0
2.746250450E1,2.457585782E-1,-2.505327761E-1,1.084324002E0
2.748250450E1,-8.742417395E-2,-3.137196302E-1,1.050575733E0
2.750250450E1,-3.864759207E-1,-8.471479267E-2,9.296957254E-1
2.752250450E1,-6.724476814E-1,2.075926960E-1,7.762039900E-1
2.754250450E1,-7.609859705E-1,3.759866953E-1,6.771707535E-1
2.756250450E1,-7.416348457E-1,4.995296896E-1,6.701637506E-1
2.758250450E1,-7.383819222E-1,6.277104616E-1,6.752032638E-1
2.760250450E1,-7.910693884E-1,6.265663505E-1,6.828520894E-1
2.762250450E1,-7.988588810E-1,5.247996449E-1,7.395298481E-1
2.764250450E1,-9.174535275E-1,5.152459741E-1,8.851568103E-1
2.766250450E1,-1.212815285E0,3.815073669E-1,9.621323943E-1
2.768250450E1,-1.509164929E0,3.009809852E-1,1.011984825E0
2.770250450E1,-1.817116857E0,3.736494184E-1,9.371731281E-1
2.772250450E1,-2.028028488E0,5.408139825E-1,7.195994854E-1
2.774250450E1,-2.171822786E0,5.820880532E-1,4.743985236E-1
2.776250450E1,-2.238579035E0,6.204609275E-1,2.357169092E-1
2.778250450E1,-2.307455778E0,7.213043571E-1,-1.170391124E-2
2.780250450E1,-2.437321424E0,8.804768324E-1,-3.081300557E-1
2.782250450E1,-2.303248644E0,1.015560508E0,-4.860317707E-1
2.784250450E1,-2.190530300E0,1.189994335E0,-4.539603889E-1
2.786250450E1,-2.180118561E0,1.294353127E0,-1.729070097E-1
2.788250450E1,-2.161374569E0,1.088282824E0,1.142580509E-1
2.790250450E1,-1.988785982E0,8.997687697E-1,2.949888408E-1
2.792250450E1,-1.807037711E0,7.778711319E-1,3.220515251E-1
2.794250450E1,-1.766346216E0,7.722108364E-1,2.944891453E-1
2.796250450E1,-1.636421084E0,7.807177305E-1,3.164660037E-1
2.798250450E1,-1.504534125E0,6.721285582E-1,3.702218235E-1
2.800250450E1,-1.596405506E0,4.118778408E-1,3.480969071E-1
2.802250450E1,-1.691692710E0,4.161749184E-1,2.039966583E-1
2.804250450E1,-1.584487081E0,6.408305764E-1,5.299770273E-3
2.806250450E1,-1.373739004E0,5.680494905E-1,-1.424935311E-1
2.808250450E1,-1.139021397E0,9.694255888E-2,-3.129355311E-1
2.810250450E1,-8.336159587E-1,-1.780655682E-1,-3.042586744E-1
2.812250450E1,-3.497760892E-1,-3.698053360E-1,-1.148942634E-1
2.814250450E1,8.823020756E-2,-6.473567486E-1,-9.300375730E-2
2.816250450E1,1.573283970E-1,-9.382593632E-1,-4.114160240E-1
2.818250450E1,1.269686520E-1,-1.388941407E0,-7.034054995E-1
2.820250450E1,1.657718420E-1,-1.831041098E0,-8.919965625E-1
2.822250450E1,3.516788483E-1,-1.803535461E0,-9.057472348E-1
2.824250450E1,6.798937321E-1,-1.919967532E0,-4.643173516E-1
2.826250450E1,9.753660560E-1,-2.996486187E0,-4.370540082E-1
2.828250450E1,1.199196577E0,-3.428029299E0,-4.502115548E-1
2.830250450E1,1.511011124E0,-3.236781836E0,-2.744356692E-1
2.832250450E1,1.557259321E0,-2.454427004E0,3.225234449E-1
2.834250450E1,1.113749385E0,-9.788866639E-1,1.326130629E0
2.836250450E1,4.789886773E-1,4.938479662E-1,1.710641146E0
2.838250450E1,3.121107817E-1,7.530308366E-1,2.115585804E0
2.840250450E1,2.937283516E-1,1.095775366E0,2.041169643E0
2.842250450E1,2.759225667E-1,1.227201581E0,1.059890628E0
2.844250450E1,2.667968720E-2,1.594251275E0,-6.529763341E-2
2.846250450E1,-3.849430680E-1,2.111402273E0,-7.307136059E-1
2.848250450E1,-4.226789176E-1,1.914925456E0,-1.073305964E0
2.850250450E1,-3.341512084E-1,1.593721867E0,-1.154498577E0
2.852250450E1,-2.653162181E-1,1.323710799E0,1.211393833E0
2.854250450E1,-1.047484756E0,3.856552124E0,3.682513714E0
2.856250450E1,-1.715224147E0,3.579654217E0,1.130545974E0
2.858250450E1,-2.048815966E0,1.308411002E0,-9.125908613E-1
2.860250450E1,-1.461996794E0,-4.713782072E-1,-1.001143932E0
2.862250450E1,-1.388356805E0,-6.071296930E-1,-6.222947836E-1
2.864250450E1,-1.795037866E0,-2.799315751E-1,-7.102657557E-1
2.866250450E1,-1.689971805E0,-8.109582216E-2,-1.311606050E0
2.868250450E1,-7.227640152E-1,-1.144920215E-1,-1.706204176E0
2.870250450E1,-2.500687540E-1,1.169119596E0,-1.211758733E0
2.872250450E1,-2.145832628E-1,1.940951109E0,-1.155856490E0
2.874250450E1,3.950279951E-1,-2.102267504E0,-7.632741928E-1
2.876250450E1,5.792592764E-1,-1.565495610E0,-6.258517504E-1
2.878250450E1,5.893517137E-1,-4.086172283E-1,-1.948891580E-1
2.880250450E1,7.451353669E-1,-7.556488514E-1,5.465272665E-1
2.882250450E1,4.773541987E-1,-5.502627417E-2,6.594076157E-1
2.884250450E1,8.478107303E-2,-2.444779575E-1,2.721014619E-1
2.886250450E1,8.700020611E-2,-6.166340113E-1,6.353884935E-2
2.888250450E1,1.261194497E-1,-1.399403960E-1,-8.185262978E-2
2.890250450E1,1.305262893E-1,2.892172635E-1,-4.577543736E-1
2.892250450E1,-4.026231356E-3,8.461947441E-1,-8.446502090E-1
2.894250450E1,-1.823981851E-1,5.494341850E-1,-1.638683796E0
2.896250450E1,-2.323662639E-1,9.264846444E-1,-1.802189708E0
2.898250450E1,-2.060057819E-1,1.307099819E0,-6.878129840E-1
2.900250450E1,1.541589200E-1,1.405922771E0,1.323388964E-1
2.902250450E1,1.433424115E0,5.564229488E-1,3.688867986E-1
2.904250450E1,2.193181753E0,1.844698191E-1,4.516327977E-1
2.906250450E1,1.932994485E0,-2.513523400E-1,2.123549432E-1
2.908250450E1,1.908106685E0,-5.157251954E-1,6.133062243E-1
2.910250450E1,1.821264029E0,-5.197916031E-1,2.101166725E0
2.912250450E1,1.453508377E0,-8.148910999E-1,2.884858847E0
2.914250450E1,1.419314146E0,-1.562710643E0,2.466578960E0
2.916250450E1,1.113400817E0,-1.649395347E0,2.609899282E0
2.918250450E1,7.004950643E-1,-1.311523438E0,2.743670702E0
2.920250450E1,4.729295373E-1,-1.038646102E0,2.651317835E0
2.922250450E1,3.730844259E-1,-3.355101645E-1,2.937123775E0
2.924250450E1,2.840368152E-1,7.163608074E-2,2.604149580E0
2.926250450E1,1.856066138E-1,-1.366750300E-1,1.897844434E0
2.928250450E1,9.125346690E-2,-7.451293617E-2,2.175346375E0
2.930250450E1,4.429265261E-1,3.814779967E-2,2.534741640E0
2.932250450E1,-6.739191711E-2,1.774420142E0,2.853791952E0
2.934250450E1,-7.040259242E-1,2.994378328E0,3.138368130E0
2.936250450E1,-6.746335626E-1,2.852112055E0,2.893721581E0
2.938250450E1,-1.121090278E-1,2.210253000E0,2.742492914E0
2.940250450E1,3.630913794E-1,1.823593020E0,2.547369242E0
2.942250450E1,5.265082717E-1,6.121024489E-1,2.174472809E0
2.944250450E1,7.916417718E-1,5.722376108E-1,2.026519537E0
2.946250450E1,6.081216931E-1,1.082452536E0,1.595720053E0
2.948250450E1,6.211854219E-1,1.308831573E0,1.431663394E0
2.950250450E1,8.839048743E-1,8.716312647E-1,1.290104270E0
2.952250450E1,4.123671651E-1,6.184947491E-1,1.428150654E0
2.954250450E1,-2.579082968E-3,4.762234986E-1,9.741405249E-1
2.956250450E1,4.590346515E-1,-1.071671173E-1,1.045272946E0
2.958250450E1,7.150247097E-1,-1.257078052E0,6.993623376E-1
2.960250450E1,2.194228768E-1,-1.705988526E0,-2.009835839E-1
2.962250450E1,1.023255438E-1,-1.536003590E0,-7.190866470E-1
2.964250450E1,1.693265438E-1,-1.234361768E0,-6.166445017E-1
2.966250450E1,-5.309638567E-3,-2.273752093E-1,-4.003602266E-1
2.968250450E1,1.488302946E-1,-1.320485711E0,7.213997096E-2
2.970250450E1,4.493681788E-1,-3.074293375E0,2.221726477E-1
2.972250450E1,1.341654062E-1,-4.310870171E0,-2.550459802E-1
2.974250450E1,-1.996396333E-1,-4.786590576E0,-1.105865836E0
2.976250450E1,5.018121004E-1,-4.205828667E0,-1.781250954E0
2.978250450E1,1.019853592E0,-2.734811544E0,-2.183298349E0
2.980250450E1,5.612522960E-1,-1.866795063E0,-2.156361103E0
2.982250450E1,2.469904274E-1,-1.796914577E0,-1.524148941E0
2.984250450E1,9.694172144E-1,-1.947603226E0,-1.120339990E0
2.986250450E1,1.778977394E0,-1.595242858E0,-1.088749886E0
2.988250450E1,2.072808504E0,-1.096691132E0,-1.176760197E0
2.990250450E1,2.278462887E0,-3.090408742E-1,-9.189073443E-1
2.992250450E1,2.576809406E0,-5.942736939E-2,-5.563229322E-1
2.994250450E1,2.519179821E0,-3.875696063E-1,-2.940130234E-1
2.996250450E1,2.296446323E0,-3.755913675E-1,-6.001801416E-2
2.998250450E1,2.344344854E0,1.022440419E-1,1.202906072E-1
3.000250450E1,2.353788376E0,6.320425868E-1,3.558315635E-1
3.002250450E1,2.071316957E0,8.447378278E-1,6.494768858E-1
3.004250450E1,1.800863028E0,4.316982031E-1,8.327748179E-1
3.006250450E1,1.717700005E0,-1.751686037E-1,6.259674430E-1
3.008250450E1,1.696589351E0,9.997832030E-2,1.864375770E-1
3.010250450E1,1.574413300E0,6.959701777E-1,-1.627296358E-1
3.012250450E1,1.393911481E0,6.369349957E-1,-3.363573849E-1
3.014250450E1,1.251092911E0,1.400421113E-1,-7.566388249E-1
3.016250450E1,1.266751647E0,-4.311837554E-1,-1.634700537E0
3.018250450E1,2.125834227E0,9.659757614E-1,-1.991596103E0
3.020250450E1,2.399421692E0,9.137250781E-1,-2.029864788E0
3.022250450E1,2.666746378E0,3.548198342E-1,-1.973277569E0
3.024250450E1,2.803399563E0,-8.168819547E-2,-1.903029680E0
3.026250450E1,2.514294624E0,-5.091040134E-1,-1.966942191E0
3.028250450E1,1.746932864E0,-8.309869766E-1,-1.528933167E0
3.030250450E1,6.546032429E-1,-1.972556114E-1,-4.585368037E-1
3.032250450E1,3.791774809E-1,2.290338874E-1,-1.592614651E-1
3.034250450E1,4.450654387E-1,-3.690272197E-2,-1.289592683E-2
3.036250450E1,4.899371266E-1,-2.332439125E-1,1.047446653E-1
3.038250450E1,4.323526323E-1,-4.179291725E-1,1.305866688E-1
3.040250450E1,2.921340168E-1,-6.789010763E-1,3.427690268E-2
3.042250450E1,2.020466477E-1,-6.891133785E-1,4.536958411E-3
3.044250450E1,4.799722880E-2,-6.262775064E-1,-1.177607570E-2
3.046250450E1,-1.314097364E-2,-5.224580765E-1,-6.461815536E-2
3.048250450E1,2.826906368E-2,-4.420121014E-1,-1.138968468E-1
3.050250450E1,9.418986738E-2,-4.811691344E-1,-1.078057960E-1
3.052250450E1,-4.048490431E-3,-4.837881625E-1,-8.103181422E-2
3.054250450E1,-1.868544668E-1,-4.121486843E-1,4.308002535E-3
3.056250450E1,-2.219266295E-1,-3.915686607E-1,1.049980223E-1
3.058250450E1,-1.425371319E-1,-4.379588962E-1,1.514240652E-1
3.060250450E1,-1.876764745E-1,-3.917045593E-1,6.785845757E-2
3.062250450E1,-3.099242747E-1,-2.596965134E-1,3.117808700E-2
3.064250450E1,-3.707626462E-1,-2.687780261E-1,-9.142816067E-2
3.066250450E1,-3.426951170E-1,-2.404672056E-1,-9.451597184E-2
3.068250450E1,-3.284246922E-1,-1.433953494E-1,-1.283458918E-1
3.070250450E1,-2.716847062E-1,-1.346585453E-1,-1.277709305E-1
3.072250450E1,-2.141099572E-1,-1.369023323E-1,-9.312883765E-2
3.074250450E1,-9.469328076E-2,8.534452878E-3,-2.319235355E-2
3.076250450E1,4.587641917E-3,1.280977875E-1,-8.313509822E-2
3.078250450E1,-6.019516662E-2,1.572533250E-1,-7.871139050E-2
3.080250450E1,-1.483073980E-1,6.487654150E-2,1.582105178E-3
3.082250450E1,-1.351425797E-1,7.636258751E-2,4.474386573E-2
3.084250450E1,-9.048853070E-2,9.082431346E-2,6.263639033E-2
3.086250450E1,-5.010053143E-2,6.849785894E-2,1.108784452E-1
3.088250450E1,-4.152950272E-2,2.959314734E-2,1.448716074E-1
3.090250450E1,-8.029651642E-2,2.012842707E-2,1.471586972E-1
3.092250450E1,-6.350476295E-2,-5.215016007E-2,1.595994979E-1
3.094250450E1,-8.094931254E-4,-1.052012593E-1,1.759953350E-1
3.096250450E1,6.829001009E-2,-1.479618698E-1,1.877371073E-1
3.098250450E1,1.375624388E-1,-8.130463958E-2,1.898113936E-1
3.100250450E1,1.639838666E-1,-3.623562306E-2,1.563153416E-1
3.102250450E1,8.016858995E-2,8.017917722E-2,1.352212280E-1
3.104250450E1,4.341217503E-2,1.511582732E-1,1.217363179E-1
3.106250450E1,8.710917830E-2,1.330698729E-1,1.116832048E-1
3.108250450E1,2.429933399E-1,5.551938415E-1,4.398207739E-2
3.110250450E1,-3.864146397E-2,1.005911753E-1,-3.577115247E-3
3.112250450E1,-1.721923053E-1,-3.277920187E-2,2.572040446E-2
3.114250450E1,-1.640256643E-1,-1.387413889E-1,-7.929016836E-3
3.116250450E1,-4.575150833E-2,-1.847407036E-2,2.234061947E-3